/*
SQLyog Ultimate v12.2.6 (32 bit)
MySQL - 10.1.36-MariaDB : Database - artt_db
*********************************************************************
*/

/*!40101 SET NAMES utf8 */;

/*!40101 SET SQL_MODE=''*/;

/*!40014 SET @OLD_UNIQUE_CHECKS=@@UNIQUE_CHECKS, UNIQUE_CHECKS=0 */;
/*!40014 SET @OLD_FOREIGN_KEY_CHECKS=@@FOREIGN_KEY_CHECKS, FOREIGN_KEY_CHECKS=0 */;
/*!40101 SET @OLD_SQL_MODE=@@SQL_MODE, SQL_MODE='NO_AUTO_VALUE_ON_ZERO' */;
/*!40111 SET @OLD_SQL_NOTES=@@SQL_NOTES, SQL_NOTES=0 */;
CREATE DATABASE /*!32312 IF NOT EXISTS*/`artt_db` /*!40100 DEFAULT CHARACTER SET latin1 */;

USE `artt_db`;

/*Table structure for table `assigncourse` */

DROP TABLE IF EXISTS `assigncourse`;

CREATE TABLE `assigncourse` (
  `assigncourse_id` int(11) NOT NULL AUTO_INCREMENT,
  `course_id` int(11) DEFAULT NULL,
  `student_id` int(11) DEFAULT NULL,
  PRIMARY KEY (`assigncourse_id`)
) ENGINE=InnoDB AUTO_INCREMENT=22 DEFAULT CHARSET=latin1;

/*Data for the table `assigncourse` */

insert  into `assigncourse`(`assigncourse_id`,`course_id`,`student_id`) values 
(18,1,12),
(19,21,12),
(20,22,12),
(21,1,12);

/*Table structure for table `assigncourseteacher` */

DROP TABLE IF EXISTS `assigncourseteacher`;

CREATE TABLE `assigncourseteacher` (
  `assigncourseteacher_id` int(11) NOT NULL AUTO_INCREMENT,
  `course_id` int(11) DEFAULT NULL,
  `faculty_id` int(11) DEFAULT NULL,
  PRIMARY KEY (`assigncourseteacher_id`)
) ENGINE=InnoDB AUTO_INCREMENT=8 DEFAULT CHARSET=latin1;

/*Data for the table `assigncourseteacher` */

insert  into `assigncourseteacher`(`assigncourseteacher_id`,`course_id`,`faculty_id`) values 
(5,6,25),
(7,1,26);

/*Table structure for table `batch` */

DROP TABLE IF EXISTS `batch`;

CREATE TABLE `batch` (
  `batch_id` int(11) NOT NULL AUTO_INCREMENT,
  `program_id` int(255) NOT NULL,
  `module_id` int(255) NOT NULL,
  `batch_name` varchar(100) DEFAULT NULL,
  `startdate` date DEFAULT NULL,
  `enddate` date DEFAULT NULL,
  `status` varchar(10) DEFAULT NULL,
  PRIMARY KEY (`batch_id`)
) ENGINE=InnoDB AUTO_INCREMENT=63 DEFAULT CHARSET=latin1;

/*Data for the table `batch` */

insert  into `batch`(`batch_id`,`program_id`,`module_id`,`batch_name`,`startdate`,`enddate`,`status`) values 
(60,54,48,'CAF Mar 2019','2018-09-17','2019-03-15','1'),
(62,54,48,'CAF-20','2018-10-30','2018-10-30','1');

/*Table structure for table `batch_course` */

DROP TABLE IF EXISTS `batch_course`;

CREATE TABLE `batch_course` (
  `pro_cor_id` int(11) NOT NULL AUTO_INCREMENT,
  `program_id` int(11) DEFAULT NULL,
  `course_id` int(11) DEFAULT NULL,
  PRIMARY KEY (`pro_cor_id`)
) ENGINE=InnoDB DEFAULT CHARSET=latin1;

/*Data for the table `batch_course` */

/*Table structure for table `ci_sessions` */

DROP TABLE IF EXISTS `ci_sessions`;

CREATE TABLE `ci_sessions` (
  `id` varchar(128) NOT NULL,
  `ip_address` varchar(45) NOT NULL,
  `timestamp` int(10) unsigned NOT NULL DEFAULT '0',
  `data` blob NOT NULL,
  KEY `ci_sessions_timestamp` (`timestamp`)
) ENGINE=InnoDB DEFAULT CHARSET=latin1;

/*Data for the table `ci_sessions` */

/*Table structure for table `companyprofile` */

DROP TABLE IF EXISTS `companyprofile`;

CREATE TABLE `companyprofile` (
  `companyId` int(10) NOT NULL,
  `companyName` varchar(300) DEFAULT NULL,
  `aboutCompany` varchar(500) DEFAULT NULL,
  `foundingDate` date DEFAULT NULL,
  `website` varchar(50) DEFAULT NULL,
  `address` varchar(200) DEFAULT NULL,
  `email` varchar(50) DEFAULT NULL,
  `contactNo` varchar(12) DEFAULT NULL,
  `logo` varchar(200) NOT NULL,
  PRIMARY KEY (`companyId`)
) ENGINE=InnoDB DEFAULT CHARSET=latin1;

/*Data for the table `companyprofile` */

insert  into `companyprofile`(`companyId`,`companyName`,`aboutCompany`,`foundingDate`,`website`,`address`,`email`,`contactNo`,`logo`) values 
(1,'ARTT BUSINESS SCHOOL','ARTT Business School offers the professional qualification of CA and ACCA. It was founded in 2013 by Mr. Ahmed Raza Mir','2018-10-09','https://www.core2plus.com','Street 541 Aisha manzil Karachi 75650','u.hassan73@yahoo.com','979797979','http://localhost/C2P_IMS_1/assets/artt_images/cprofile/3603b3e68eeee7c834f01a1244f1e34d.png');

/*Table structure for table `courses` */

DROP TABLE IF EXISTS `courses`;

CREATE TABLE `courses` (
  `course_id` int(11) NOT NULL AUTO_INCREMENT,
  `program_id` int(11) DEFAULT NULL,
  `module_id` int(11) DEFAULT NULL,
  `coursename` varchar(100) DEFAULT NULL,
  `coursecode` varchar(50) DEFAULT NULL,
  `coursefee` int(9) DEFAULT NULL,
  `startdate` date DEFAULT NULL,
  `enddate` date DEFAULT NULL,
  `co_duration` varchar(255) DEFAULT NULL,
  `co_status` varchar(50) DEFAULT NULL,
  PRIMARY KEY (`course_id`)
) ENGINE=InnoDB AUTO_INCREMENT=156 DEFAULT CHARSET=latin1;

/*Data for the table `courses` */

insert  into `courses`(`course_id`,`program_id`,`module_id`,`coursename`,`coursecode`,`coursefee`,`startdate`,`enddate`,`co_duration`,`co_status`) values 
(133,54,43,'Functional English ','AFC-1',15000,'2018-09-10','2019-10-10','5.5 month','1'),
(134,54,43,'Business Communication','AFC-2',15000,'2018-09-10','2019-12-10','5.5 month ','1'),
(135,54,43,'Quantitative Methods','AFC-3',15000,'2018-09-10','2019-11-20','5.5 month','1'),
(136,54,43,'Introduction to Information Technology','AFC-4',15000,'2018-09-10','2019-09-10','5.5 month','1'),
(137,54,48,'Introduction to Accounting','CAF-1',17000,'2018-09-10','2019-10-20','5.5 month','1'),
(138,54,48,'Introduction to Eco & Finance','CAF-2',17000,'2018-09-10','2019-03-15','5.5 month','1'),
(139,54,48,'Business Law','CAF-3',17000,'2018-09-10','0020-03-13','5.5 month','1'),
(140,54,48,'Business Mgtn & Behavioral Studies','CAF-4',17000,'2018-09-10','2019-03-15','5.5 month','1'),
(141,54,48,'Financial Accounting & Reporting-1','CAF-5',17000,'2018-09-10','2019-03-15','5.5 month','1'),
(142,54,48,'Principles of Taxation','CAF-6',17000,'2018-09-10','0019-03-15','5.5 month','1'),
(143,54,48,'Financial Accounting and Reporting-II','CAF-7',17000,'2018-09-10','2019-03-15','5.5 month','1'),
(144,54,48,'Cost and Management Accounting','CAF-8',18000,'2018-09-10','2019-03-15','5.5 month','1'),
(145,54,48,'Audit and Assurance','CAF-9',17000,'2018-09-10','2019-03-15','5.5 month','1'),
(146,54,45,'PCSC-1','PCSC-1',8500,'2018-09-10','2019-09-10','1 Month','1'),
(147,54,45,'PCSC-2','PCSC-2',8500,'2018-09-10','2019-09-10','1.5 Month','1'),
(148,54,46,'Advanced Accounting and Financial Reporting','CFAP-1',20000,'2018-09-10','2019-09-10','5.5 month','1'),
(149,54,46,'Corporate Laws','CFAP-2 ',20000,'2018-09-10','2019-09-10','5.5 month','1'),
(150,54,46,'Business Management and Strategy','CFAP-3',12000,'2018-09-10','2019-09-10','5.5 month','1'),
(151,54,46,'Business Finance Decision','CFAP-4',20000,'2018-09-10','2019-09-10','5.5 month','1'),
(152,54,46,'Advanced Taxation','CFAP-5',20000,'2018-09-10','2019-09-10','5.5 month','1'),
(153,54,46,'Audit,Assurance and Related Services','CFAP-6',12000,'2018-09-10','2019-09-10','5.5 month','1'),
(154,54,47,' Financial Reporting and Assurance-Professional Competence','MSA-1',17000,'2018-09-10','2019-09-10','5.5 month','1'),
(155,54,47,'Strategic Management-Professional Competence','MSA-2',17000,'2018-09-10','2019-09-10','5.5 month','1');

/*Table structure for table `discount` */

DROP TABLE IF EXISTS `discount`;

CREATE TABLE `discount` (
  `discount_id` int(20) NOT NULL AUTO_INCREMENT,
  `batch_id` int(100) NOT NULL,
  `student_id` int(20) NOT NULL,
  `note` varchar(255) NOT NULL,
  `admin_note` varchar(1000) NOT NULL,
  `approve` int(30) NOT NULL,
  `percentage` int(20) NOT NULL,
  PRIMARY KEY (`discount_id`)
) ENGINE=InnoDB AUTO_INCREMENT=84 DEFAULT CHARSET=latin1;

/*Data for the table `discount` */

insert  into `discount`(`discount_id`,`batch_id`,`student_id`,`note`,`admin_note`,`approve`,`percentage`) values 
(1,61,21,'123','',0,12),
(2,51,18,'adas','',0,12),
(3,51,23,'df','',0,12),
(4,51,18,'sd','',0,11),
(5,60,24,'sdsd','',0,7),
(6,51,17,'df','',0,12),
(7,61,21,'asd','',0,2),
(8,61,21,'asd','',0,2),
(9,61,21,'asd','',0,2),
(10,51,18,'sdf','',0,12),
(11,61,26,'Da asdasd','',0,20),
(12,61,27,'sdfd','',0,12),
(13,61,28,'sf','',0,1),
(14,51,18,'h h h  h h h ','',0,12),
(15,61,28,'f','',0,23),
(16,61,28,'df','',0,12),
(17,61,28,'g','',0,3),
(18,61,29,'sd','',0,20),
(19,61,29,'2','',0,2),
(20,61,30,'d','',0,20),
(21,61,31,'efd','',0,20),
(22,61,33,'asd','',0,20),
(23,61,34,'df','',0,20),
(24,60,36,'df','',0,20),
(25,51,37,'df','',0,20),
(26,51,38,'23','',0,23),
(27,51,39,'','',0,12),
(28,61,49,'ef','',0,23),
(29,61,50,'f','',0,10),
(30,51,51,'d','',0,20),
(31,51,55,'sd','',0,10),
(32,51,55,'','',0,20),
(33,51,55,'2','',0,0),
(34,51,51,'f','',0,3),
(35,51,55,'df','',0,34),
(36,61,56,'df','',0,2),
(37,51,57,'','',0,40),
(38,51,52,'sda','',0,20),
(39,51,58,'fg','',1,23),
(40,60,1,'asd','',0,12),
(41,60,25,'50% OFF By sir ARM','',0,50),
(42,60,25,'50% OFF By Sir ARM','',0,50),
(43,60,37,'100% OFF By Sir ARM','duplicate',2,100),
(44,60,37,'Approved already bu AR','',1,100),
(45,60,53,'50% OFF By Sir ARM','',1,50),
(46,60,57,'50% Off Need basis By Sir ARM','',1,50),
(47,60,61,'25% Off By Grades By Sir ARM','',1,25),
(48,60,43,'10K OFF By Sir ARM','',0,10),
(49,60,72,'10K OFF By Sir ARM','',0,10),
(50,60,74,'7400 Discount By Sir ARM','',0,10),
(51,60,92,'3500% Off By Sir ARM','',0,20),
(52,60,605,'25%Scholarship By Ahmed Saya','',0,25),
(53,60,102,'20% OFF By Need Basis Sir ARM','',0,20),
(54,60,108,'100% OFF & Allow Sir ARM','',0,100),
(55,60,112,'30% OGG By Grades Waseem','',0,30),
(56,60,131,'25% Off By ARM','',0,25),
(57,60,139,'25% OFF By Waseem','',0,25),
(58,60,140,'25% OFF By Waseem','',0,25),
(59,60,146,'20% OFF By Sir ARM','',0,20),
(60,60,147,'30% OFF by Grades (Waseem)','',0,30),
(61,60,151,'50% OFF By Sir ARM','',0,50),
(62,60,151,'50% OFF By Sir ARM','',0,50),
(63,60,154,'75% Scholarship By Grades 2A*','',0,75),
(64,60,156,'30% OFF by Grades (Waseem)','',0,30),
(65,60,606,'15% OFF By Sir ARM','',0,15),
(66,60,167,'100% OFF By Sir ARM','',0,100),
(67,60,171,'75% OFF By Grades Sir ARM','',0,75),
(68,60,175,'50% OFF By TSA Student By ARM','',0,50),
(69,60,192,'30% OFF by Grades (Waseem)','',0,30),
(70,60,199,'50% Scholarship By Ahmed Saya','',0,50),
(71,60,189,'75% Scholarship By Grades (Waseem)','',0,75),
(72,60,200,'50% OFF By Sir ARM','',0,50),
(73,60,211,'','',0,50),
(74,60,214,'100% OFF By Sir ARM','',0,100),
(75,60,232,'100% OFF & Allow Sir ARM','',0,100),
(76,60,242,'2nd Time Far1 50% OFF By Sir ARM','',0,50),
(77,60,244,'30% OFF Need Basis By Sir ARM','',0,30),
(78,60,245,'100% OFF By Sir ARM','',0,100),
(79,60,252,'100% OFF By Sir ARM','',0,100),
(80,60,255,'50% OFF By Sir ARM','',0,50),
(81,60,258,'30% OFF By Uzair Saya','',0,30),
(82,60,8,'','',0,10),
(83,60,3,'','',0,10);

/*Table structure for table `enroll_student` */

DROP TABLE IF EXISTS `enroll_student`;

CREATE TABLE `enroll_student` (
  `enrollment_id` int(30) NOT NULL AUTO_INCREMENT,
  `student_id` int(30) NOT NULL,
  `program_id` int(30) NOT NULL,
  `course_id` int(30) NOT NULL,
  `module_id` int(255) NOT NULL,
  `batch_id` int(233) NOT NULL,
  `status` varchar(20) NOT NULL,
  `Paid` int(2) NOT NULL,
  `Freez` varchar(20) NOT NULL,
  `received_amount` int(12) NOT NULL,
  `voucher_amt` int(150) NOT NULL,
  `discount_amount` int(150) NOT NULL,
  `discount_per` varchar(40) NOT NULL,
  `enrolled_status` int(2) NOT NULL,
  `freezdate` varchar(123) NOT NULL,
  `course_replace_remarks` varchar(3000) NOT NULL,
  `unfreezdate` varchar(333) NOT NULL,
  `refund_amount` int(101) NOT NULL,
  `refund_per` int(101) NOT NULL,
  PRIMARY KEY (`enrollment_id`)
) ENGINE=InnoDB AUTO_INCREMENT=1245 DEFAULT CHARSET=latin1;

/*Data for the table `enroll_student` */

insert  into `enroll_student`(`enrollment_id`,`student_id`,`program_id`,`course_id`,`module_id`,`batch_id`,`status`,`Paid`,`Freez`,`received_amount`,`voucher_amt`,`discount_amount`,`discount_per`,`enrolled_status`,`freezdate`,`course_replace_remarks`,`unfreezdate`,`refund_amount`,`refund_per`) values 
(15,8,54,139,48,60,'1',1,'',17000,17000,0,'10',1,'','','',0,0),
(16,8,54,157,48,60,'1',1,'',0,0,0,'10',1,'','','',0,0),
(19,24,54,144,48,60,'',0,'Freez',18000,18000,0,'',1,'','','',0,0),
(20,24,54,145,48,60,'',0,'UnFreez',17000,17000,0,'',1,'','','',0,0),
(22,25,54,144,48,60,'',0,'Freez',0,0,0,'50',1,'','','',0,0),
(23,25,54,145,48,60,'',0,'UnFreez',0,0,0,'50',1,'','','',0,0),
(24,26,54,142,48,60,'',0,'Freez',17000,17000,0,'',1,'','','',0,0),
(25,26,54,143,48,60,'',0,'UnFreez',17000,17000,0,'',1,'','','',0,0),
(26,27,54,137,48,60,'',0,'UnFreez',8500,8500,0,'',1,'','','',0,0),
(27,27,54,138,48,60,'',0,'UnFreez',8500,8500,0,'',1,'','','',0,0),
(28,27,54,139,48,60,'',0,'',8500,8500,0,'',1,'','','',0,0),
(29,28,54,137,48,60,'',0,'UnFreez',17000,17000,0,'',1,'','','',0,0),
(30,28,54,140,48,60,'',0,'Freez',17000,17000,0,'',1,'','','',0,0),
(31,28,54,141,48,60,'',0,'UnFreez',17000,17000,0,'',1,'','','',0,0),
(32,29,54,139,48,60,'',0,'',17000,17000,0,'',1,'','','',0,0),
(33,29,54,145,48,60,'',0,'UnFreez',17000,17000,0,'',1,'','','',0,0),
(34,30,54,142,48,60,'',0,'Freez',0,0,0,'',1,'','','',0,0),
(35,31,54,141,48,60,'',0,'UnFreez',17000,17000,0,'',1,'','','',0,0),
(36,31,54,142,48,60,'',0,'Freez',17000,17000,0,'',1,'','','',0,0),
(37,31,54,145,48,60,'',0,'UnFreez',17000,17000,0,'',1,'','','',0,0),
(38,32,54,143,48,60,'',0,'UnFreez',17000,17000,0,'',1,'','','',0,0),
(39,32,54,144,48,60,'',0,'Freez',18000,18000,0,'',1,'','','',0,0),
(40,32,54,145,48,60,'',0,'UnFreez',17000,17000,0,'',1,'','','',0,0),
(41,33,54,143,48,60,'',0,'UnFreez',0,0,0,'',1,'','','',0,0),
(42,33,54,144,48,60,'',0,'Freez',0,0,0,'',1,'','','',0,0),
(43,33,54,145,48,60,'',0,'UnFreez',0,0,0,'',1,'','','',0,0),
(44,34,54,143,48,60,'',0,'UnFreez',17000,17000,0,'',1,'','','',0,0),
(45,34,54,144,48,60,'',0,'Freez',12000,6000,0,'',1,'','','',0,0),
(46,34,54,145,48,60,'',0,'UnFreez',17000,17000,0,'',1,'','','',0,0),
(47,35,54,141,48,60,'',0,'UnFreez',17000,17000,0,'',1,'','','',0,0),
(48,35,54,142,48,60,'',0,'Freez',17000,17000,0,'',1,'','','',0,0),
(49,36,54,139,48,60,'',0,'',17000,17000,0,'',1,'','','',0,0),
(50,36,54,144,48,60,'',0,'Freez',18000,18000,0,'',1,'','','',0,0),
(52,38,54,144,48,60,'',0,'Freez',18000,18000,0,'',1,'','','',0,0),
(53,39,54,143,48,60,'',0,'UnFreez',17000,17000,0,'',1,'','','',0,0),
(54,40,54,143,48,60,'',0,'UnFreez',0,0,0,'',1,'','','',0,0),
(55,40,54,144,48,60,'',0,'Freez',0,0,0,'',1,'','','',0,0),
(56,40,54,145,48,60,'',0,'UnFreez',0,0,0,'',1,'','','',0,0),
(57,41,54,142,48,60,'',0,'Freez',0,0,0,'',1,'','','',0,0),
(58,42,54,142,48,60,'',0,'Freez',0,0,0,'',1,'','','',0,0),
(59,43,54,144,48,60,'',0,'Freez',7000,7000,0,'10',1,'','','',0,0),
(60,44,54,140,48,60,'',0,'Freez',0,0,0,'',1,'','','',0,0),
(61,45,54,144,48,60,'',0,'Freez',0,0,0,'',1,'','','',0,0),
(62,45,54,145,48,60,'',0,'UnFreez',0,0,0,'',1,'','','',0,0),
(66,47,54,142,48,60,'',0,'Freez',17000,17000,0,'',1,'','','',0,0),
(67,48,54,142,48,60,'',0,'Freez',0,0,0,'',1,'','','',0,0),
(68,49,54,140,48,60,'',0,'Freez',0,0,0,'',1,'','','',0,0),
(69,37,54,144,48,60,'1',0,'Freez',0,0,0,'100',1,'','','',0,0),
(70,50,54,140,48,60,'',0,'Freez',17000,17000,0,'',1,'','','',0,0),
(71,50,54,142,48,60,'',0,'Freez',17000,17000,0,'',1,'','','',0,0),
(72,51,54,141,48,60,'',0,'UnFreez',17000,17000,0,'',1,'','','',0,0),
(73,51,54,142,48,60,'',0,'Freez',17000,17000,0,'',1,'','','',0,0),
(75,52,54,141,48,60,'',0,'UnFreez',17000,17000,0,'',1,'','','',0,0),
(76,52,54,142,48,60,'',0,'Freez',17000,17000,0,'',1,'','','',0,0),
(77,53,54,140,48,60,'',0,'Freez',8500,8500,0,'50',1,'','','',0,0),
(78,53,54,141,48,60,'',0,'UnFreez',8500,8500,0,'50',1,'','','',0,0),
(79,53,54,142,48,60,'',0,'Freez',8500,8500,0,'50',1,'','','',0,0),
(80,54,54,140,48,60,'',0,'Freez',17000,17000,0,'',1,'','','',0,0),
(81,54,54,141,48,60,'',0,'UnFreez',17000,17000,0,'',1,'','','',0,0),
(82,54,54,142,48,60,'',0,'Freez',17000,17000,0,'',1,'','','',0,0),
(83,55,54,142,48,60,'',0,'Freez',17000,17000,0,'',1,'','','',0,0),
(84,57,54,141,48,60,'',0,'UnFreez',8500,8500,0,'50',1,'','','',0,0),
(85,57,54,142,48,60,'',0,'Freez',8500,8500,0,'50',1,'','','',0,0),
(86,57,54,138,0,60,'1',1,'UnFreez',0,0,0,'',1,'','','',0,0),
(91,58,54,133,43,61,'',0,'',15000,15000,0,'',1,'','','',0,0),
(92,58,54,134,43,61,'',0,'',15000,15000,0,'',1,'','','',0,0),
(93,58,54,135,0,61,'1',1,'',15000,15000,0,'',1,'','','',0,0),
(94,59,54,142,48,60,'',0,'Freez',17000,17000,0,'',1,'','','',0,0),
(95,59,54,143,48,60,'',0,'UnFreez',17000,17000,0,'',1,'','','',0,0),
(97,58,54,136,0,61,'1',0,'',5000,5000,0,'',1,'','','',0,0),
(98,60,54,143,48,60,'',0,'UnFreez',17000,17000,0,'',1,'','','',0,0),
(99,61,54,139,48,60,'',0,'',12750,12750,0,'25',1,'','','',0,0),
(100,61,54,142,48,60,'',0,'Freez',12750,12750,0,'25',1,'','','',0,0),
(101,62,54,142,48,60,'',0,'Freez',17000,17000,0,'',1,'','','',0,0),
(102,63,54,143,48,60,'',0,'UnFreez',17000,17000,0,'',1,'','','',0,0),
(103,64,54,142,48,60,'',0,'Freez',17000,17000,0,'',1,'','','',0,0),
(104,65,54,143,48,60,'',0,'UnFreez',0,0,0,'',1,'','','',0,0),
(105,65,54,144,48,60,'',0,'Freez',0,0,0,'',1,'','','',0,0),
(106,66,54,142,48,60,'',0,'Freez',17000,17000,0,'',1,'','','',0,0),
(107,66,54,144,48,60,'',0,'Freez',18000,18000,0,'',1,'','','',0,0),
(108,67,54,143,48,60,'',0,'UnFreez',17000,17000,0,'',1,'','','',0,0),
(109,67,54,144,48,60,'',0,'Freez',18000,18000,0,'',1,'','','',0,0),
(110,67,54,145,48,60,'',0,'UnFreez',17000,17000,0,'',1,'','','',0,0),
(111,68,54,142,48,60,'',0,'Freez',17000,17000,0,'',1,'','','',0,0),
(112,68,54,144,48,60,'',0,'Freez',18000,18000,0,'',1,'','','',0,0),
(113,69,54,140,48,60,'',0,'Freez',17000,17000,0,'',1,'','','',0,0),
(114,69,54,141,48,60,'',0,'UnFreez',17000,17000,0,'',1,'','','',0,0),
(115,70,54,143,48,60,'',0,'UnFreez',17000,17000,0,'',1,'','','',0,0),
(116,70,54,144,48,60,'',0,'Freez',18000,18000,0,'',1,'','','',0,0),
(117,71,54,140,48,60,'',0,'Freez',8500,8500,0,'',1,'','','',0,0),
(118,71,54,141,48,60,'',0,'UnFreez',8500,8500,0,'',1,'','','',0,0),
(119,72,54,143,48,60,'',0,'UnFreez',7000,7000,0,'10',1,'','','',0,0),
(121,73,54,144,48,60,'',0,'Freez',9000,9000,0,'',1,'','','',0,0),
(122,74,54,141,48,60,'',0,'UnFreez',9600,9600,0,'10',1,'','','',0,0),
(123,74,54,142,48,60,'',0,'Freez',9600,9600,0,'10',1,'','','',0,0),
(124,75,54,144,48,60,'',0,'Freez',0,0,0,'',1,'','','',0,0),
(125,76,54,142,48,60,'',0,'Freez',16000,16000,0,'',1,'','','',0,0),
(126,76,54,143,48,60,'',0,'UnFreez',16000,16000,0,'',1,'','','',0,0),
(127,77,54,141,48,60,'',0,'UnFreez',17000,17000,0,'',1,'','','',0,0),
(128,77,54,142,48,60,'',0,'Freez',17000,17000,0,'',1,'','','',0,0),
(129,77,54,144,48,60,'',0,'Freez',18000,18000,0,'',1,'','','',0,0),
(130,78,54,139,48,60,'',0,'',8000,8000,0,'20',1,'','','',0,0),
(131,78,54,141,48,60,'',0,'UnFreez',9000,9000,0,'20',1,'','','',0,0),
(132,79,54,145,48,60,'',0,'UnFreez',0,0,0,'',1,'','','',0,0),
(133,80,54,143,48,60,'',0,'UnFreez',0,0,0,'',1,'','','',0,0),
(134,81,54,143,48,60,'',0,'UnFreez',6000,6000,0,'',1,'','','',0,0),
(135,81,54,144,48,60,'',0,'Freez',8000,8000,0,'',1,'','','',0,0),
(136,81,54,145,48,60,'',0,'UnFreez',6000,6000,0,'',1,'','','',0,0),
(137,82,54,143,48,60,'',0,'UnFreez',17000,17000,0,'',1,'','','',0,0),
(138,83,54,142,48,60,'',0,'Freez',16000,16000,0,'',1,'','','',0,0),
(139,83,54,143,48,60,'',0,'UnFreez',16000,16000,0,'',1,'','','',0,0),
(140,84,54,141,48,60,'',0,'UnFreez',5000,5000,0,'',1,'','','',0,0),
(141,84,54,142,48,60,'',0,'Freez',5000,5000,0,'',1,'','','',0,0),
(142,85,54,144,48,60,'',0,'Freez',18000,18000,0,'',1,'','','',0,0),
(143,85,54,145,48,60,'',0,'UnFreez',17000,17000,0,'',1,'','','',0,0),
(144,86,54,145,48,60,'',0,'UnFreez',17000,17000,0,'',1,'','','',0,0),
(145,88,54,141,48,60,'',0,'UnFreez',14000,14000,0,'',1,'','','',0,0),
(146,3,54,143,48,60,'',2,'1',17000,-14450,0,'10',1,'29-10-18','','',-14450,15),
(147,3,54,144,48,60,'',0,'1',18000,18000,0,'10',1,'29-10-18','','',0,0),
(148,3,54,145,48,60,'',0,'1',17000,17000,0,'10',1,'30-10-18','','',0,0),
(149,89,54,142,48,60,'',0,'Freez',17000,17000,0,'',1,'','','',0,0),
(150,90,54,141,48,60,'',0,'UnFreez',17000,17000,0,'',1,'','','',0,0),
(151,90,54,142,48,60,'',0,'Freez',17000,17000,0,'',1,'','','',0,0),
(152,90,54,144,48,60,'',0,'Freez',18000,18000,0,'',1,'','','',0,0),
(153,91,54,137,48,60,'',0,'UnFreez',17000,17000,0,'',1,'','','',0,0),
(154,91,54,139,48,60,'',0,'',17000,17000,0,'',1,'','','',0,0),
(155,91,54,141,48,60,'',0,'UnFreez',17000,17000,0,'',1,'','','',0,0),
(156,92,54,143,48,60,'',0,'UnFreez',13500,13500,0,'20',1,'','','',0,0),
(157,92,54,144,48,60,'',0,'Freez',14000,14000,0,'20',1,'','','',0,0),
(158,92,54,145,48,60,'',0,'UnFreez',13500,13500,0,'20',1,'','','',0,0),
(159,93,54,143,48,60,'',0,'UnFreez',17000,17000,0,'',1,'','','',0,0),
(160,93,54,145,48,60,'',0,'UnFreez',17000,17000,0,'',1,'','','',0,0),
(161,94,54,140,48,60,'',0,'Freez',9000,9000,0,'',1,'','','',0,0),
(162,94,54,141,48,60,'',0,'UnFreez',9000,9000,0,'',1,'','','',0,0),
(163,94,54,142,48,60,'',0,'Freez',9000,9000,0,'',1,'','','',0,0),
(164,95,54,143,48,60,'',0,'UnFreez',0,0,0,'',1,'','','',0,0),
(165,96,54,144,48,60,'',0,'Freez',0,0,0,'',1,'','','',0,0),
(166,97,54,140,48,60,'',0,'Freez',0,0,0,'',1,'','','',0,0),
(167,97,54,144,48,60,'',0,'Freez',0,0,0,'',1,'','','',0,0),
(168,97,54,145,48,60,'',0,'UnFreez',0,0,0,'',1,'','','',0,0),
(169,98,54,140,48,60,'',0,'Freez',17000,17000,0,'',1,'','','',0,0),
(170,98,54,141,48,60,'',0,'UnFreez',17000,17000,0,'',1,'','','',0,0),
(171,98,54,142,48,60,'',0,'Freez',17000,17000,0,'',1,'','','',0,0),
(172,99,54,140,48,60,'',0,'Freez',0,0,0,'',1,'','','',0,0),
(173,99,54,142,48,60,'',0,'Freez',17000,17000,0,'',1,'','','',0,0),
(179,8,54,142,48,60,'',0,'Freez',17000,17000,0,'10',1,'','','',0,0),
(180,101,54,138,48,62,'',0,'UnFreez',8500,8500,0,'',1,'31-10-18','','',0,0),
(181,102,54,140,48,60,'',0,'Freez',13600,13600,0,'20',1,'29-10-18','','',0,0),
(182,103,54,137,48,60,'',0,'UnFreez',17000,17000,0,'',1,'30-10-18','','',0,0),
(183,103,54,144,48,62,'',0,'UnFreez',18000,18000,0,'',1,'29-10-18','','',0,0),
(184,103,54,145,48,62,'',0,'UnFreez',17000,17000,0,'',1,'30-10-18','','',0,0),
(185,104,54,144,48,60,'',0,'Freez',18000,18000,0,'',1,'30-10-18','','',0,0),
(186,104,54,145,48,60,'',0,'UnFreez',17000,17000,0,'',1,'30-10-18','','',0,0),
(187,105,54,142,48,60,'',0,'Freez',17000,17000,0,'',1,'','','',0,0),
(188,106,54,143,48,60,'',0,'UnFreez',8500,8500,0,'',1,'','','',0,0),
(189,106,54,145,48,60,'',0,'UnFreez',8500,8500,0,'',1,'','','',0,0),
(190,107,54,143,48,60,'',0,'Freez',17000,17000,0,'',1,'30-10-18','','',0,0),
(191,107,54,144,48,60,'',0,'Freez',18000,18000,0,'',1,'','','',0,0),
(192,107,54,145,48,60,'',0,'Freez',17000,17000,0,'',1,'30-10-18','','',0,0),
(193,108,54,138,48,60,'',0,'UnFreez',0,0,0,'100',1,'','','',0,0),
(194,108,54,141,48,60,'',0,'UnFreez',0,0,0,'100',1,'','','',0,0),
(195,109,54,141,48,60,'',0,'UnFreez',10000,10000,0,'',1,'','','',0,0),
(196,109,54,142,48,60,'',0,'Freez',10000,10000,0,'',1,'','','',0,0),
(197,110,54,144,48,60,'',0,'Freez',0,0,0,'',1,'','','',0,0),
(198,111,54,140,48,60,'',0,'Freez',0,0,0,'',1,'','','',0,0),
(199,111,54,144,48,60,'',0,'Freez',0,0,0,'',1,'','','',0,0),
(200,111,54,145,48,60,'',0,'UnFreez',0,0,0,'',1,'','','',0,0),
(202,112,54,144,48,60,'',0,'Freez',6000,6000,0,'30',1,'','','',0,0),
(203,112,54,145,48,60,'',0,'Freez',6000,6000,0,'30',1,'30-10-18','','',0,0),
(204,113,54,139,48,60,'',0,'',17000,17000,0,'',1,'','','',0,0),
(205,114,54,144,48,60,'',0,'Freez',0,0,0,'',1,'','','',0,0),
(206,114,54,145,48,60,'',0,'UnFreez',0,0,0,'',1,'','','',0,0),
(207,115,54,142,48,60,'',0,'Freez',17000,17000,0,'',1,'','','',0,0),
(208,116,54,140,48,60,'',0,'Freez',8000,8000,0,'',1,'','','',0,0),
(209,116,54,142,48,60,'',0,'Freez',9000,9000,0,'',1,'','','',0,0),
(210,116,54,145,48,60,'',0,'UnFreez',8000,8000,0,'',1,'','','',0,0),
(211,117,54,137,48,60,'',0,'UnFreez',8500,8500,0,'',1,'','','',0,0),
(212,117,54,141,48,60,'',0,'UnFreez',8500,8500,0,'',1,'','','',0,0),
(213,119,54,144,48,60,'',0,'Freez',18000,18000,0,'',1,'','','',0,0),
(214,120,54,143,48,60,'',0,'UnFreez',0,0,0,'',1,'','','',0,0),
(215,120,54,145,48,60,'',0,'UnFreez',0,0,0,'',1,'','','',0,0),
(216,121,54,141,48,60,'',0,'UnFreez',17000,17000,0,'',1,'','','',0,0),
(217,122,54,143,48,60,'',0,'UnFreez',0,0,0,'',1,'','','',0,0),
(218,122,54,145,48,60,'',0,'UnFreez',0,0,0,'',1,'','','',0,0),
(219,123,54,140,48,60,'',0,'Freez',17000,17000,0,'',1,'','','',0,0),
(220,124,54,142,48,60,'',0,'Freez',0,0,0,'',1,'','','',0,0),
(221,125,54,140,48,60,'',0,'Freez',0,0,0,'',1,'','','',0,0),
(222,125,54,142,48,60,'',0,'Freez',0,0,0,'',1,'','','',0,0),
(224,126,54,143,48,60,'',0,'UnFreez',17000,17000,0,'',1,'','','',0,0),
(225,127,54,141,48,60,'',0,'UnFreez',0,0,0,'',1,'','','',0,0),
(226,128,54,143,48,60,'',0,'UnFreez',17000,17000,0,'',1,'','','',0,0),
(227,128,54,144,48,60,'',0,'Freez',18000,18000,0,'',1,'','','',0,0),
(228,128,54,145,48,60,'',0,'UnFreez',17000,17000,0,'',1,'','','',0,0),
(229,129,54,140,48,60,'',0,'Freez',8500,8500,0,'',1,'','','',0,0),
(230,129,54,142,48,60,'',0,'Freez',8500,8500,0,'',1,'','','',0,0),
(231,130,54,139,48,60,'',0,'',17000,17000,0,'',1,'','','',0,0),
(232,130,54,145,48,60,'',0,'UnFreez',17000,17000,0,'',1,'','','',0,0),
(234,131,54,142,48,60,'',0,'Freez',12750,12750,0,'25',1,'','','',0,0),
(235,131,54,143,48,60,'',0,'UnFreez',12750,12750,0,'25',1,'','','',0,0),
(236,132,54,140,48,60,'',0,'Freez',17000,17000,0,'',1,'','','',0,0),
(237,132,54,142,48,60,'',0,'Freez',0,0,0,'',1,'','','',0,0),
(238,132,54,143,48,60,'',0,'UnFreez',17000,17000,0,'',1,'','','',0,0),
(239,133,54,141,48,60,'',0,'UnFreez',17000,17000,0,'',1,'','','',0,0),
(240,134,54,144,48,60,'',0,'Freez',18000,18000,0,'',1,'','','',0,0),
(241,135,54,145,48,60,'',0,'UnFreez',0,0,0,'',1,'','','',0,0),
(242,136,54,141,48,60,'',0,'UnFreez',17000,17000,0,'',1,'','','',0,0),
(243,137,54,141,48,60,'',0,'UnFreez',17000,17000,0,'',1,'','','',0,0),
(244,137,54,143,48,60,'',0,'UnFreez',17000,17000,0,'',1,'','','',0,0),
(245,138,54,145,48,60,'',0,'UnFreez',0,0,0,'',1,'','','',0,0),
(246,66,54,140,48,60,'',0,'Freez',17000,17000,0,'',1,'','','',0,0),
(247,139,54,143,48,60,'',0,'UnFreez',12750,12750,0,'25',1,'','','',0,0),
(248,139,54,144,48,60,'',0,'Freez',13500,13500,0,'25',1,'','','',0,0),
(249,139,54,145,48,60,'',0,'UnFreez',12750,12750,0,'25',1,'','','',0,0),
(250,140,54,145,48,60,'',0,'UnFreez',12750,12750,0,'25',1,'','','',0,0),
(251,141,54,139,48,60,'',0,'',8500,8500,0,'',1,'','','',0,0),
(252,141,54,140,48,60,'',0,'Freez',17000,17000,0,'',1,'','','',0,0),
(253,141,54,141,48,60,'',0,'UnFreez',17000,17000,0,'',1,'','','',0,0),
(254,142,54,143,48,60,'',0,'UnFreez',17000,17000,0,'',1,'','','',0,0),
(255,142,54,145,48,60,'',0,'UnFreez',17000,17000,0,'',1,'','','',0,0),
(256,143,54,140,48,60,'',0,'Freez',17000,17000,0,'',1,'','','',0,0),
(257,143,54,141,48,60,'',0,'UnFreez',17000,17000,0,'',1,'','','',0,0),
(258,144,54,144,48,60,'',0,'Freez',18000,18000,0,'',1,'','','',0,0),
(259,144,54,145,48,60,'',0,'UnFreez',17000,17000,0,'',1,'','','',0,0),
(260,145,54,141,48,60,'',0,'UnFreez',17000,17000,0,'',1,'','','',0,0),
(261,145,54,142,48,60,'',0,'Freez',17000,17000,0,'',1,'','','',0,0),
(262,146,54,143,48,60,'',0,'UnFreez',13600,13600,0,'20',1,'','','',0,0),
(263,146,54,144,48,60,'',0,'Freez',14400,14400,0,'20',1,'','','',0,0),
(264,146,54,145,48,60,'',0,'UnFreez',13600,13600,0,'20',1,'','','',0,0),
(265,147,54,141,48,60,'',0,'UnFreez',11900,11900,0,'30',1,'','','',0,0),
(266,148,54,140,48,60,'',0,'Freez',0,0,0,'',1,'','','',0,0),
(267,148,54,142,48,60,'',0,'Freez',0,0,0,'',1,'','','',0,0),
(268,148,54,143,48,60,'',0,'UnFreez',17000,17000,0,'',1,'','','',0,0),
(269,149,54,145,48,60,'',0,'UnFreez',17000,17000,0,'',1,'','','',0,0),
(270,150,54,144,48,60,'',0,'Freez',18000,18000,0,'',1,'','','',0,0),
(271,150,54,145,48,60,'',0,'UnFreez',17000,17000,0,'',1,'','','',0,0),
(275,152,54,142,48,60,'',0,'Freez',0,0,0,'',1,'','','',0,0),
(276,153,54,141,48,60,'',0,'UnFreez',8500,8500,0,'',1,'','','',0,0),
(277,153,54,142,48,60,'',0,'Freez',8500,8500,0,'',1,'','','',0,0),
(278,154,54,140,48,60,'',0,'Freez',4250,4250,0,'75',1,'','','',0,0),
(279,154,54,143,48,60,'',0,'UnFreez',4250,4250,0,'75',1,'','','',0,0),
(280,154,54,145,48,60,'',0,'UnFreez',4250,4250,0,'75',1,'','','',0,0),
(281,155,54,140,48,60,'',0,'Freez',17000,17000,0,'',1,'','','',0,0),
(282,155,54,142,48,60,'',0,'Freez',17000,17000,0,'',1,'','','',0,0),
(283,155,54,143,48,60,'',0,'UnFreez',17000,17000,0,'',1,'','','',0,0),
(284,156,54,138,48,60,'',0,'UnFreez',6000,6000,0,'30',1,'','','',0,0),
(285,156,54,139,48,60,'',0,'',6000,0,0,'30',1,'','','',0,0),
(286,156,54,141,48,60,'',0,'UnFreez',6000,6000,0,'30',1,'','','',0,0),
(287,157,54,140,48,60,'',0,'Freez',17000,17000,0,'',1,'','','',0,0),
(288,157,54,141,48,60,'',0,'UnFreez',17000,17000,0,'',1,'','','',0,0),
(289,157,54,142,48,60,'',0,'Freez',17000,17000,0,'',1,'','','',0,0),
(290,158,54,143,48,60,'',0,'UnFreez',17000,17000,0,'',1,'','','',0,0),
(291,158,54,144,48,60,'',0,'Freez',18000,18000,0,'',1,'','','',0,0),
(292,159,54,141,48,60,'',0,'UnFreez',17000,17000,0,'',1,'','','',0,0),
(293,160,54,140,48,60,'',0,'Freez',8000,8000,0,'',1,'','','',0,0),
(294,160,54,141,48,60,'',0,'UnFreez',8000,8000,0,'',1,'','','',0,0),
(295,160,54,142,48,60,'',0,'Freez',8000,8000,0,'',1,'','','',0,0),
(296,161,54,144,48,60,'',0,'Freez',18000,18000,0,'',1,'','','',0,0),
(300,163,54,140,48,60,'',0,'Freez',17000,17000,0,'',1,'','','',0,0),
(301,163,54,142,48,60,'',0,'Freez',17000,17000,0,'',1,'','','',0,0),
(302,164,54,144,48,60,'',0,'Freez',8500,8500,0,'',1,'','','',0,0),
(303,164,54,145,48,60,'',0,'UnFreez',8500,8500,0,'',1,'','','',0,0),
(304,165,54,143,48,60,'',0,'UnFreez',0,0,0,'',1,'','','',0,0),
(305,165,54,144,48,60,'',0,'Freez',0,0,0,'',1,'','','',0,0),
(306,165,54,145,48,60,'',0,'UnFreez',0,0,0,'',1,'','','',0,0),
(307,166,54,144,48,60,'',0,'Freez',18000,18000,0,'',1,'','','',0,0),
(308,166,54,145,48,60,'',0,'UnFreez',17000,17000,0,'',1,'','','',0,0),
(309,167,54,143,48,60,'',0,'UnFreez',0,0,0,'100',1,'','','',0,0),
(310,167,54,144,48,60,'',0,'Freez',0,0,0,'100',1,'','','',0,0),
(311,168,54,141,48,60,'',0,'UnFreez',10200,10200,0,'',1,'','','',0,0),
(312,169,54,140,48,60,'',0,'Freez',17000,17000,0,'',1,'','','',0,0),
(313,169,54,141,48,60,'',0,'UnFreez',17000,17000,0,'',1,'','','',0,0),
(314,170,54,142,48,60,'',0,'Freez',17000,17000,0,'',1,'','','',0,0),
(315,170,54,143,48,60,'',0,'UnFreez',17000,17000,0,'',1,'','','',0,0),
(316,171,54,140,48,60,'',0,'Freez',4250,4250,0,'75',1,'','','',0,0),
(317,171,54,143,48,60,'',0,'UnFreez',4250,4250,0,'75',1,'','','',0,0),
(318,171,54,144,48,60,'',0,'Freez',4500,4500,0,'75',1,'','','',0,0),
(319,171,54,145,48,60,'',0,'UnFreez',4250,4250,0,'75',1,'','','',0,0),
(320,172,54,142,48,60,'',0,'Freez',0,0,0,'',1,'','','',0,0),
(321,172,54,144,48,60,'',0,'Freez',0,0,0,'',1,'','','',0,0),
(322,173,54,140,48,60,'',0,'Freez',8500,8500,0,'',1,'','','',0,0),
(323,173,54,141,48,60,'',0,'UnFreez',8500,8500,0,'',1,'','','',0,0),
(324,174,54,144,48,60,'',0,'Freez',18000,18000,0,'',1,'','','',0,0),
(325,174,54,145,48,60,'',0,'UnFreez',17000,17000,0,'',1,'','','',0,0),
(326,175,54,143,48,60,'',0,'UnFreez',8500,8500,0,'50',1,'','','',0,0),
(327,175,54,144,48,60,'',0,'Freez',9000,9000,0,'50',1,'','','',0,0),
(328,175,54,145,48,60,'',0,'UnFreez',8500,8500,0,'50',1,'','','',0,0),
(329,176,54,143,48,60,'',0,'UnFreez',0,0,0,'',1,'','','',0,0),
(330,176,54,144,48,60,'',0,'Freez',0,0,0,'',1,'','','',0,0),
(331,177,54,141,48,60,'',0,'UnFreez',17000,17000,0,'',1,'','','',0,0),
(332,178,54,140,48,60,'',0,'Freez',17000,17000,0,'',1,'','','',0,0),
(333,178,54,141,48,60,'',0,'UnFreez',17000,17000,0,'',1,'','','',0,0),
(334,178,54,142,48,60,'',0,'Freez',17000,17000,0,'',1,'','','',0,0),
(335,179,54,144,48,60,'',0,'Freez',18000,18000,0,'',1,'','','',0,0),
(336,179,54,145,48,60,'',0,'UnFreez',0,0,0,'',1,'','','',0,0),
(337,180,54,141,48,60,'',0,'UnFreez',0,0,0,'',1,'','','',0,0),
(338,180,54,142,48,60,'',0,'Freez',0,0,0,'',1,'','','',0,0),
(339,180,54,144,48,60,'',0,'Freez',0,0,0,'',1,'','','',0,0),
(340,181,54,140,48,60,'',0,'Freez',17000,17000,0,'',1,'','','',0,0),
(341,181,54,141,48,60,'',0,'UnFreez',17000,17000,0,'',1,'','','',0,0),
(342,181,54,142,48,60,'',0,'Freez',17000,17000,0,'',1,'','','',0,0),
(343,182,54,143,48,60,'',0,'UnFreez',17000,17000,0,'',1,'','','',0,0),
(344,182,54,144,48,60,'',0,'Freez',18000,18000,0,'',1,'','','',0,0),
(345,182,54,145,48,60,'',0,'UnFreez',17000,17000,0,'',1,'','','',0,0),
(347,183,54,144,48,60,'',0,'Freez',0,0,0,'',1,'','','',0,0),
(348,184,54,141,48,60,'',0,'UnFreez',0,0,0,'',1,'','','',0,0),
(349,185,54,141,48,60,'',0,'UnFreez',17000,17000,0,'',1,'','','',0,0),
(350,186,54,141,48,60,'',0,'UnFreez',16000,16000,0,'',1,'','','',0,0),
(351,186,54,144,48,60,'',0,'Freez',16000,16000,0,'',1,'','','',0,0),
(352,187,54,143,48,60,'',0,'UnFreez',17000,17000,0,'',1,'','','',0,0),
(353,188,54,144,48,60,'',0,'Freez',18000,18000,0,'',1,'','','',0,0),
(355,189,54,142,48,60,'',0,'Freez',4250,4250,0,'75',1,'','','',0,0),
(357,190,54,140,48,60,'',0,'Freez',0,0,0,'',1,'','','',0,0),
(358,190,54,142,48,60,'',0,'Freez',17000,17000,0,'',1,'','','',0,0),
(359,190,54,143,48,60,'',0,'UnFreez',17000,17000,0,'',1,'','','',0,0),
(360,191,54,143,48,60,'',0,'UnFreez',0,0,0,'',1,'','','',0,0),
(361,191,54,145,48,60,'',0,'UnFreez',0,0,0,'',1,'','','',0,0),
(362,192,54,138,48,60,'',0,'UnFreez',5950,5950,0,'30',1,'','','',0,0),
(363,192,54,139,48,60,'',0,'',5950,5950,0,'30',1,'','','',0,0),
(364,192,54,141,48,60,'',0,'UnFreez',5950,5950,0,'30',1,'','','',0,0),
(365,193,54,139,48,60,'',0,'',17000,17000,0,'',1,'','','',0,0),
(366,193,54,141,48,60,'',0,'UnFreez',17000,17000,0,'',1,'','','',0,0),
(367,194,54,143,48,60,'',0,'UnFreez',0,0,0,'',1,'','','',0,0),
(368,195,54,137,48,60,'',0,'UnFreez',0,0,0,'',1,'','','',0,0),
(369,195,54,138,48,60,'',0,'UnFreez',17000,17000,0,'',1,'','','',0,0),
(370,195,54,140,48,60,'',0,'Freez',0,0,0,'',1,'','','',0,0),
(371,195,54,141,48,60,'',0,'UnFreez',17000,17000,0,'',1,'','','',0,0),
(372,197,54,144,48,60,'',0,'Freez',18000,18000,0,'',1,'','','',0,0),
(373,198,54,143,48,60,'',0,'UnFreez',0,0,0,'',1,'','','',0,0),
(374,198,54,144,48,60,'',0,'Freez',0,0,0,'',1,'','','',0,0),
(375,198,54,145,48,60,'',0,'UnFreez',0,0,0,'',1,'','','',0,0),
(376,199,54,140,48,60,'',0,'Freez',8500,8500,0,'50',1,'','','',0,0),
(377,199,54,143,48,60,'',0,'UnFreez',8500,8500,0,'50',1,'','','',0,0),
(378,199,54,145,48,60,'',0,'UnFreez',8500,8500,0,'50',1,'','','',0,0),
(379,189,54,139,48,60,'',0,'UnFreez',4250,4250,0,'75',1,'','','',0,0),
(380,200,54,144,48,60,'',0,'Freez',9000,9000,0,'50',1,'','','',0,0),
(381,201,54,143,48,60,'',0,'UnFreez',0,0,0,'',1,'','','',0,0),
(382,201,54,144,48,60,'',0,'Freez',0,0,0,'',1,'','','',0,0),
(383,201,54,145,48,60,'',0,'UnFreez',0,0,0,'',1,'','','',0,0),
(384,202,54,139,48,60,'',0,'',17000,17000,0,'',1,'','','',0,0),
(385,202,54,141,48,60,'',0,'UnFreez',17000,17000,0,'',1,'','','',0,0),
(386,203,54,145,48,60,'',0,'UnFreez',17000,17000,0,'',1,'','','',0,0),
(387,204,54,142,48,60,'',0,'Freez',0,0,0,'',1,'','','',0,0),
(388,205,54,143,48,60,'',0,'UnFreez',20000,10000,0,'',1,'','','',0,0),
(389,205,54,144,48,60,'',0,'Freez',20000,10000,0,'',1,'22-10-18','','',0,0),
(390,206,54,143,48,60,'',0,'UnFreez',0,0,0,'',1,'','','',0,0),
(391,206,54,145,48,60,'',0,'UnFreez',0,0,0,'',1,'','','',0,0),
(392,207,54,140,48,60,'',0,'Freez',0,0,0,'',1,'','','',0,0),
(393,207,54,141,48,60,'',0,'UnFreez',0,0,0,'',1,'','','',0,0),
(394,207,54,142,48,60,'',0,'Freez',0,0,0,'',1,'','','',0,0),
(395,208,54,140,48,60,'',0,'Freez',17000,17000,0,'',1,'','','',0,0),
(396,208,54,141,48,60,'',0,'UnFreez',17000,17000,0,'',1,'','','',0,0),
(397,208,54,142,48,60,'',0,'Freez',17000,17000,0,'',1,'','','',0,0),
(398,209,54,143,48,60,'',0,'UnFreez',17000,17000,0,'',1,'','','',0,0),
(399,209,54,145,48,60,'',0,'UnFreez',17000,17000,0,'',1,'','','',0,0),
(400,210,54,143,48,60,'',0,'UnFreez',17000,17000,0,'',1,'','','',0,0),
(401,211,54,140,48,60,'',0,'Freez',8500,8500,0,'50',1,'','','',0,0),
(402,211,54,141,48,60,'',0,'UnFreez',8500,8500,0,'50',1,'','','',0,0),
(403,211,54,142,48,60,'',0,'Freez',8500,8500,0,'50',1,'','','',0,0),
(404,212,54,144,48,60,'',0,'Freez',18000,18000,0,'',1,'','','',0,0),
(405,213,54,143,48,60,'',0,'UnFreez',17000,17000,0,'',1,'','','',0,0),
(406,214,54,140,48,60,'',0,'Freez',0,0,0,'100',1,'','','',0,0),
(407,214,54,141,48,60,'',0,'UnFreez',0,0,0,'100',1,'','','',0,0),
(408,214,54,142,48,60,'',0,'Freez',0,0,0,'100',1,'','','',0,0),
(409,215,54,142,48,60,'',0,'Freez',0,0,0,'',1,'','','',0,0),
(410,216,54,143,48,60,'',0,'UnFreez',17000,17000,0,'',1,'','','',0,0),
(411,216,54,145,48,60,'',0,'UnFreez',17000,17000,0,'',1,'','','',0,0),
(417,217,54,141,48,60,'',0,'UnFreez',17000,17000,0,'',1,'','','',0,0),
(418,219,54,142,48,60,'',0,'Freez',17000,17000,0,'',1,'','','',0,0),
(419,219,54,144,48,60,'',0,'Freez',18000,18000,0,'',1,'','','',0,0),
(420,220,54,141,48,60,'',0,'UnFreez',17000,17000,0,'',1,'','','',0,0),
(421,221,54,144,48,60,'',0,'Freez',18000,18000,0,'',1,'','','',0,0),
(422,221,54,145,48,60,'',0,'UnFreez',17000,17000,0,'',1,'','','',0,0),
(423,222,54,142,48,60,'',0,'Freez',0,0,0,'',1,'','','',0,0),
(424,223,54,137,48,60,'',0,'UnFreez',17000,17000,0,'',1,'','','',0,0),
(425,223,54,139,48,60,'',0,'',17000,17000,0,'',1,'','','',0,0),
(426,225,54,143,48,60,'',0,'UnFreez',17000,17000,0,'',1,'','','',0,0),
(427,225,54,144,48,60,'',0,'Freez',18000,18000,0,'',1,'','','',0,0),
(428,225,54,145,48,60,'',0,'UnFreez',17000,17000,0,'',1,'','','',0,0),
(429,226,54,139,48,60,'',0,'',0,0,0,'',1,'','','',0,0),
(430,226,54,141,48,60,'',0,'UnFreez',17000,17000,0,'',1,'','','',0,0),
(431,226,54,142,48,60,'',0,'Freez',17000,17000,0,'',1,'','','',0,0),
(432,227,54,144,48,60,'',0,'Freez',0,0,0,'',1,'','','',0,0),
(433,227,54,145,48,60,'',0,'UnFreez',17000,17000,0,'',1,'','','',0,0),
(434,228,54,143,48,60,'',0,'UnFreez',17000,17000,0,'',1,'','','',0,0),
(435,229,54,140,48,60,'',0,'Freez',17000,17000,0,'',1,'','','',0,0),
(436,229,54,144,48,60,'',0,'Freez',18000,18000,0,'',1,'','','',0,0),
(437,229,54,145,48,60,'',0,'UnFreez',17000,17000,0,'',1,'','','',0,0),
(438,230,54,144,48,60,'',0,'Freez',0,0,0,'',1,'','','',0,0),
(439,231,54,141,48,60,'',0,'UnFreez',17000,17000,0,'',1,'','','',0,0),
(440,231,54,142,48,60,'',0,'Freez',17000,17000,0,'',1,'','','',0,0),
(441,232,54,138,48,60,'',0,'UnFreez',0,0,0,'100',1,'','','',0,0),
(442,232,54,143,48,60,'',0,'UnFreez',0,0,0,'100',1,'','','',0,0),
(443,233,54,143,48,60,'',0,'UnFreez',0,0,0,'',1,'','','',0,0),
(444,233,54,144,48,60,'',0,'Freez',0,0,0,'',1,'','','',0,0),
(445,233,54,145,48,60,'',0,'UnFreez',0,0,0,'',1,'','','',0,0),
(446,234,54,144,48,60,'',0,'Freez',18000,18000,0,'',1,'','','',0,0),
(447,234,54,145,48,60,'',0,'UnFreez',17000,17000,0,'',1,'','','',0,0),
(448,235,54,142,48,60,'',0,'Freez',8500,8500,0,'',1,'','','',0,0),
(449,235,54,143,48,60,'',0,'UnFreez',8500,8500,0,'',1,'','','',0,0),
(450,236,54,143,48,60,'',0,'UnFreez',0,0,0,'',1,'','','',0,0),
(451,236,54,144,48,60,'',0,'Freez',0,0,0,'',1,'','','',0,0),
(452,237,54,145,48,60,'',0,'UnFreez',17000,17000,0,'',1,'','','',0,0),
(453,238,54,145,48,60,'',0,'UnFreez',17000,17000,0,'',1,'','','',0,0),
(454,239,54,143,48,60,'',0,'UnFreez',17000,17000,0,'',1,'','','',0,0),
(455,239,54,144,48,60,'',0,'Freez',18000,18000,0,'',1,'','','',0,0),
(456,239,54,145,48,60,'',0,'UnFreez',17000,17000,0,'',1,'','','',0,0),
(457,240,54,143,48,60,'',0,'UnFreez',0,0,0,'',1,'','','',0,0),
(458,240,54,144,48,60,'',0,'Freez',18000,18000,0,'',1,'','','',0,0),
(459,241,54,143,48,60,'',0,'UnFreez',8500,8500,0,'',1,'','','',0,0),
(460,241,54,145,48,60,'',0,'UnFreez',8500,8500,0,'',1,'','','',0,0),
(461,242,54,143,48,60,'',0,'UnFreez',17000,17000,0,'50',1,'','','',0,0),
(462,243,54,140,48,60,'',0,'Freez',0,0,0,'',1,'','','',0,0),
(463,243,54,141,48,60,'',0,'UnFreez',0,0,0,'',1,'','','',0,0),
(464,243,54,142,48,60,'',0,'Freez',0,0,0,'',1,'','','',0,0),
(465,244,54,145,48,60,'',0,'UnFreez',11900,11900,0,'30',1,'','','',0,0),
(466,245,54,139,48,60,'',0,'',0,0,0,'100',1,'','','',0,0),
(467,245,54,140,48,60,'',0,'Freez',0,0,0,'100',1,'','','',0,0),
(468,245,54,142,48,60,'',0,'Freez',0,0,0,'100',1,'','','',0,0),
(472,246,54,141,48,60,'',0,'UnFreez',17000,17000,0,'',1,'','','',0,0),
(473,247,54,144,48,60,'',0,'Freez',9000,9000,0,'',1,'','','',0,0),
(474,247,54,145,48,60,'',0,'UnFreez',8500,8500,0,'',1,'','','',0,0),
(475,248,54,140,48,60,'',0,'Freez',8500,8500,0,'',1,'','','',0,0),
(476,248,54,142,48,60,'',0,'Freez',8500,8500,0,'',1,'','','',0,0),
(477,248,54,141,48,60,'',0,'UnFreez',8500,8500,0,'',1,'','','',0,0),
(478,249,54,143,48,60,'',0,'UnFreez',17000,17000,0,'',1,'','','',0,0),
(479,249,54,144,48,60,'',0,'Freez',18000,18000,0,'',1,'','','',0,0),
(480,250,54,143,48,60,'',0,'UnFreez',0,0,0,'',1,'','','',0,0),
(481,250,54,144,48,60,'',0,'Freez',0,0,0,'',1,'','','',0,0),
(482,250,54,145,48,60,'',0,'UnFreez',0,0,0,'',1,'','','',0,0),
(483,251,54,143,48,60,'',0,'UnFreez',0,0,0,'',1,'','','',0,0),
(484,252,54,144,48,60,'',0,'Freez',0,0,0,'100',1,'','','',0,0),
(485,252,54,145,48,60,'',0,'UnFreez',0,0,0,'100',1,'','','',0,0),
(486,253,54,140,48,60,'',0,'Freez',0,0,0,'',1,'','','',0,0),
(487,253,54,141,48,60,'',0,'UnFreez',0,0,0,'',1,'','','',0,0),
(488,253,54,144,48,60,'',0,'Freez',0,0,0,'',1,'','','',0,0),
(489,255,54,144,48,60,'',0,'Freez',9000,9000,0,'50',1,'','','',0,0),
(490,256,54,143,48,60,'',0,'UnFreez',0,0,0,'',1,'','','',0,0),
(491,256,54,144,48,60,'',0,'Freez',7500,7500,0,'',1,'','','',0,0),
(492,257,54,143,48,60,'',0,'UnFreez',0,0,0,'',1,'','','',0,0),
(493,257,54,144,48,60,'',0,'Freez',0,0,0,'',1,'','','',0,0),
(494,257,54,145,48,60,'',0,'UnFreez',0,0,0,'',1,'','','',0,0),
(495,258,54,140,48,60,'',0,'Freez',11900,11900,0,'30',1,'','','',0,0),
(496,258,54,141,48,60,'',0,'UnFreez',11900,11900,0,'30',1,'','','',0,0),
(497,258,54,142,48,60,'',0,'Freez',11900,11900,0,'30',1,'','','',0,0),
(498,259,54,138,48,60,'',0,'UnFreez',17000,17000,0,'',1,'','','',0,0),
(499,259,54,139,48,60,'',0,'',17000,17000,0,'',1,'','','',0,0),
(500,259,54,142,48,60,'',0,'Freez',17000,17000,0,'',1,'','','',0,0),
(501,260,54,143,48,60,'',0,'UnFreez',5000,5000,0,'',1,'','','',0,0),
(502,260,54,144,48,60,'',0,'Freez',5000,5000,0,'',1,'','','',0,0),
(503,260,54,145,48,60,'',0,'UnFreez',5000,5000,0,'',1,'','','',0,0),
(504,261,54,145,48,60,'',0,'UnFreez',0,0,0,'',1,'','','',0,0),
(505,262,54,140,48,60,'',0,'Freez',0,0,0,'',1,'','','',0,0),
(506,262,54,142,48,60,'',0,'Freez',0,0,0,'',1,'','','',0,0),
(507,263,54,141,48,60,'',0,'UnFreez',0,0,0,'',1,'','','',0,0),
(508,263,54,142,48,60,'',0,'Freez',17000,17000,0,'',1,'','','',0,0),
(509,264,54,143,48,60,'',0,'UnFreez',0,0,0,'',1,'','','',0,0),
(510,264,54,144,48,60,'',0,'Freez',0,0,0,'',1,'','','',0,0),
(511,264,54,145,48,60,'',0,'UnFreez',0,0,0,'',1,'','','',0,0),
(512,265,54,144,48,60,'',0,'Freez',18000,18000,0,'',1,'','','',0,0),
(513,265,54,145,48,60,'',0,'UnFreez',17000,17000,0,'',1,'','','',0,0),
(514,266,54,140,48,60,'',0,'Freez',0,0,0,'',1,'','','',0,0),
(515,266,54,141,48,60,'',0,'UnFreez',0,0,0,'',1,'','','',0,0),
(516,266,54,142,48,60,'',0,'Freez',0,0,0,'',1,'','','',0,0),
(517,268,54,144,48,60,'',0,'Freez',18000,18000,0,'',1,'','','',0,0),
(518,268,54,145,48,60,'',0,'UnFreez',17000,17000,0,'',1,'','','',0,0),
(519,269,54,143,48,60,'',0,'UnFreez',0,0,0,'',1,'','','',0,0),
(520,269,54,144,48,60,'',0,'Freez',0,0,0,'',1,'','','',0,0),
(521,269,54,145,48,60,'',0,'UnFreez',0,0,0,'',1,'','','',0,0),
(522,270,54,141,48,60,'',0,'UnFreez',0,0,0,'',1,'','','',0,0),
(523,270,54,142,48,60,'',0,'Freez',0,0,0,'',1,'','','',0,0),
(524,271,54,139,48,60,'',0,'',17000,17000,0,'',1,'','','',0,0),
(525,271,54,140,48,60,'',0,'Freez',0,0,0,'',1,'','','',0,0),
(526,272,54,144,48,60,'',0,'Freez',18000,18000,0,'',1,'','','',0,0),
(527,272,54,145,48,60,'',0,'UnFreez',17000,17000,0,'',1,'','','',0,0),
(528,272,54,143,48,60,'',0,'UnFreez',17000,17000,0,'',1,'','','',0,0),
(529,273,54,143,48,60,'',0,'UnFreez',0,0,0,'',1,'','','',0,0),
(530,273,54,144,48,60,'',0,'Freez',0,0,0,'',1,'','','',0,0),
(531,275,54,144,48,60,'',0,'Freez',0,0,0,'',1,'','','',0,0),
(532,276,54,140,48,60,'',0,'Freez',8500,8500,0,'',1,'','','',0,0),
(533,276,54,141,48,60,'',0,'UnFreez',8500,8500,0,'',1,'','','',0,0),
(534,276,54,142,48,60,'',0,'Freez',8500,8500,0,'',1,'','','',0,0),
(535,277,54,143,48,60,'',0,'UnFreez',8500,8500,0,'',1,'','','',0,0),
(536,277,54,144,48,60,'',0,'Freez',9000,9000,0,'',1,'','','',0,0),
(537,278,54,141,48,60,'',0,'UnFreez',15000,5000,0,'',1,'','','',0,0),
(538,278,54,142,48,60,'',0,'Freez',15000,5000,0,'',1,'','','',0,0),
(539,278,54,144,48,60,'',0,'Freez',15000,5000,0,'',1,'','','',0,0),
(540,279,54,141,48,60,'',0,'UnFreez',17000,17000,0,'',1,'','','',0,0),
(541,280,54,141,48,60,'',0,'UnFreez',0,0,0,'',1,'','','',0,0),
(542,280,54,142,48,60,'',0,'Freez',0,0,0,'',1,'','','',0,0),
(543,281,54,142,48,60,'',0,'Freez',17000,17000,0,'',1,'','','',0,0),
(544,282,54,143,48,60,'',0,'UnFreez',8500,8500,0,'',1,'','','',0,0),
(545,282,54,144,48,60,'',0,'Freez',9000,9000,0,'',1,'','','',0,0),
(546,282,54,145,48,60,'',0,'UnFreez',8500,8500,0,'',1,'','','',0,0),
(547,283,54,141,48,60,'',0,'UnFreez',17000,17000,0,'',1,'','','',0,0),
(548,283,54,144,48,60,'',0,'Freez',18000,18000,0,'',1,'','','',0,0),
(549,284,54,144,48,60,'',0,'Freez',8500,8500,0,'',1,'','','',0,0),
(550,284,54,145,48,60,'',0,'UnFreez',8500,8500,0,'',1,'','','',0,0),
(551,285,54,142,48,60,'',0,'Freez',0,0,0,'',1,'','','',0,0),
(552,286,54,144,48,60,'',0,'Freez',16000,16000,0,'',1,'','','',0,0),
(553,287,54,142,48,60,'',0,'Freez',0,0,0,'',1,'','','',0,0),
(554,288,54,143,48,60,'',0,'UnFreez',17000,17000,0,'',1,'','','',0,0),
(555,288,54,144,48,60,'',0,'Freez',18000,18000,0,'',1,'','','',0,0),
(556,288,54,145,48,60,'',0,'UnFreez',17000,17000,0,'',1,'','','',0,0),
(557,289,54,143,48,60,'',0,'UnFreez',17000,17000,0,'',1,'','','',0,0),
(558,289,54,145,48,60,'',0,'UnFreez',17000,17000,0,'',1,'','','',0,0),
(559,290,54,143,48,60,'',0,'UnFreez',7000,7000,0,'',1,'','','',0,0),
(560,290,54,144,48,60,'',0,'Freez',6000,6000,0,'',1,'','','',0,0),
(561,290,54,145,48,60,'',0,'UnFreez',7000,7000,0,'',1,'','','',0,0),
(562,291,54,144,48,60,'',0,'Freez',17500,17500,0,'',1,'','','',0,0),
(563,291,54,145,48,60,'',0,'UnFreez',0,0,0,'',1,'','','',0,0),
(564,292,54,145,48,60,'',0,'UnFreez',17000,17000,0,'',1,'','','',0,0),
(566,293,54,143,48,60,'',0,'UnFreez',0,0,0,'',1,'','','',0,0),
(567,293,54,145,48,60,'',0,'UnFreez',0,0,0,'',1,'','','',0,0),
(568,294,54,144,48,60,'',0,'Freez',18000,18000,0,'',1,'','','',0,0),
(569,295,54,143,48,60,'',0,'UnFreez',17000,17000,0,'',1,'','','',0,0),
(570,295,54,144,48,60,'',0,'Freez',18000,18000,0,'',1,'','','',0,0),
(571,295,54,145,48,60,'',0,'UnFreez',17000,17000,0,'',1,'','','',0,0),
(572,296,54,141,48,60,'',0,'UnFreez',8500,8500,0,'',1,'','','',0,0),
(573,296,54,142,48,60,'',0,'Freez',8500,8500,0,'',1,'','','',0,0),
(574,297,54,140,48,60,'',0,'Freez',17000,17000,0,'',1,'','','',0,0),
(575,297,54,141,48,60,'',0,'UnFreez',17000,17000,0,'',1,'','','',0,0),
(576,297,54,142,48,60,'',0,'Freez',17000,17000,0,'',1,'','','',0,0),
(577,298,54,143,48,60,'',0,'UnFreez',16000,16000,0,'',1,'','','',0,0),
(578,298,54,145,48,60,'',0,'UnFreez',16000,16000,0,'',1,'','','',0,0),
(579,299,54,143,48,60,'',0,'UnFreez',0,0,0,'',1,'','','',0,0),
(580,299,54,144,48,60,'',0,'Freez',0,0,0,'',1,'','','',0,0),
(581,299,54,145,48,60,'',0,'UnFreez',0,0,0,'',1,'','','',0,0),
(582,300,54,143,48,60,'',0,'UnFreez',10000,10000,0,'',1,'','','',0,0),
(583,300,54,145,48,60,'',0,'UnFreez',10000,10000,0,'',1,'','','',0,0),
(584,301,54,140,48,60,'',0,'Freez',0,0,0,'',1,'','','',0,0),
(585,301,54,141,48,60,'',0,'UnFreez',0,0,0,'',1,'','','',0,0),
(586,302,54,139,48,60,'',0,'',0,0,0,'',1,'','','',0,0),
(587,302,54,144,48,60,'',0,'Freez',0,0,0,'',1,'','','',0,0),
(588,302,54,145,48,60,'',0,'UnFreez',0,0,0,'',1,'','','',0,0),
(589,303,54,143,48,60,'',0,'UnFreez',0,0,0,'',1,'','','',0,0),
(590,303,54,144,48,60,'',0,'Freez',0,0,0,'',1,'','','',0,0),
(591,303,54,145,48,60,'',0,'UnFreez',0,0,0,'',1,'','','',0,0),
(592,304,54,143,48,60,'',0,'UnFreez',17000,17000,0,'',1,'','','',0,0),
(593,304,54,144,48,60,'',0,'Freez',18000,18000,0,'',1,'','','',0,0),
(594,304,54,145,48,60,'',0,'UnFreez',17000,17000,0,'',1,'','','',0,0),
(595,305,54,141,48,60,'',0,'UnFreez',17000,17000,0,'',1,'','','',0,0),
(596,305,54,142,48,60,'',0,'Freez',17000,17000,0,'',1,'','','',0,0),
(597,306,54,141,48,60,'',0,'UnFreez',17000,17000,0,'',1,'','','',0,0),
(598,306,54,142,48,60,'',0,'Freez',17000,17000,0,'',1,'','','',0,0),
(599,307,54,143,48,60,'',0,'UnFreez',0,0,0,'',1,'','','',0,0),
(600,307,54,144,48,60,'',0,'Freez',0,0,0,'',1,'','','',0,0),
(601,307,54,145,48,60,'',0,'UnFreez',0,0,0,'',1,'','','',0,0),
(602,308,54,143,48,60,'',0,'UnFreez',0,0,0,'',1,'','','',0,0),
(603,308,54,144,48,60,'',0,'Freez',0,0,0,'',1,'','','',0,0),
(604,308,54,145,48,60,'',0,'UnFreez',0,0,0,'',1,'','','',0,0),
(605,309,54,143,48,60,'',0,'UnFreez',0,0,0,'',1,'','','',0,0),
(606,309,54,144,48,60,'',0,'Freez',0,0,0,'',1,'','','',0,0),
(607,309,54,145,48,60,'',0,'UnFreez',0,0,0,'',1,'','','',0,0),
(608,310,54,140,48,60,'',0,'Freez',17000,17000,0,'',1,'','','',0,0),
(609,310,54,142,48,60,'',0,'Freez',17000,17000,0,'',1,'','','',0,0),
(610,311,54,140,48,60,'',0,'Freez',17000,17000,0,'',1,'','','',0,0),
(611,311,54,141,48,60,'',0,'UnFreez',17000,17000,0,'',1,'','','',0,0),
(612,311,54,142,48,60,'',0,'Freez',17000,17000,0,'',1,'','','',0,0),
(613,312,54,139,48,60,'',0,'',17000,17000,0,'',1,'','','',0,0),
(614,312,54,140,48,60,'',0,'Freez',17000,17000,0,'',1,'','','',0,0),
(615,312,54,141,48,60,'',0,'UnFreez',17000,17000,0,'',1,'','','',0,0),
(616,313,54,143,48,60,'',0,'UnFreez',0,0,0,'',1,'','','',0,0),
(617,313,54,144,48,60,'',0,'Freez',0,0,0,'',1,'','','',0,0),
(618,313,54,145,48,60,'',0,'UnFreez',17000,17000,0,'',1,'','','',0,0),
(619,314,54,142,48,60,'',0,'Freez',17000,17000,0,'',1,'','','',0,0),
(620,315,54,142,48,60,'',0,'Freez',17000,17000,0,'',1,'','','',0,0),
(621,315,54,143,48,60,'',0,'UnFreez',17000,17000,0,'',1,'','','',0,0),
(622,316,54,144,48,60,'',0,'Freez',10000,10000,0,'',1,'','','',0,0),
(623,316,54,145,48,60,'',0,'UnFreez',10000,10000,0,'',1,'','','',0,0),
(624,317,54,143,48,60,'',0,'UnFreez',0,0,0,'',1,'','','',0,0),
(625,318,54,139,48,60,'',0,'',17000,17000,0,'',1,'','','',0,0),
(626,318,54,140,48,60,'',0,'Freez',17000,17000,0,'',1,'','','',0,0),
(627,318,54,141,48,60,'',0,'UnFreez',17000,17000,0,'',1,'','','',0,0),
(628,318,54,142,48,60,'',0,'Freez',17000,17000,0,'',1,'','','',0,0),
(629,319,54,144,48,60,'',0,'Freez',18000,18000,0,'',1,'','','',0,0),
(630,320,54,137,48,60,'',0,'UnFreez',8000,8000,0,'',1,'','','',0,0),
(631,320,54,138,48,60,'',0,'UnFreez',8000,8000,0,'',1,'','','',0,0),
(632,320,54,139,48,60,'',0,'',9000,9000,0,'',1,'','','',0,0),
(633,321,54,139,48,60,'',0,'',17000,17000,0,'',1,'','','',0,0),
(634,321,54,144,48,60,'',0,'Freez',0,0,0,'',1,'','','',0,0),
(635,322,54,143,48,60,'',0,'UnFreez',0,0,0,'',1,'','','',0,0),
(636,323,54,143,48,60,'',0,'UnFreez',17000,17000,0,'',1,'','','',0,0),
(637,323,54,144,48,60,'',0,'Freez',18000,18000,0,'',1,'','','',0,0),
(638,324,54,140,48,60,'',0,'Freez',17000,17000,0,'',1,'','','',0,0),
(639,324,54,142,48,60,'',0,'Freez',17000,17000,0,'',1,'','','',0,0),
(640,325,54,143,48,60,'',0,'UnFreez',8500,8500,0,'',1,'','','',0,0),
(641,325,54,145,48,60,'',0,'UnFreez',8500,8500,0,'',1,'','','',0,0),
(642,326,54,144,48,60,'',0,'Freez',17500,17500,0,'',1,'','','',0,0),
(643,327,54,143,48,60,'',0,'UnFreez',17000,17000,0,'',1,'','','',0,0),
(644,327,54,145,48,60,'',0,'UnFreez',17000,17000,0,'',1,'','','',0,0),
(645,328,54,144,48,60,'',0,'Freez',18000,18000,0,'',1,'','','',0,0),
(646,329,54,144,48,60,'',0,'Freez',18000,18000,0,'',1,'','','',0,0),
(647,330,54,140,48,60,'',0,'Freez',0,0,0,'',1,'','','',0,0),
(648,330,54,141,48,60,'',0,'UnFreez',0,0,0,'',1,'','','',0,0),
(649,330,54,142,48,60,'',0,'Freez',0,0,0,'',1,'','','',0,0),
(650,331,54,143,48,60,'',0,'UnFreez',17000,17000,0,'',1,'','','',0,0),
(651,332,54,143,48,60,'',0,'UnFreez',17000,17000,0,'',1,'','','',0,0),
(652,333,54,143,48,60,'',0,'UnFreez',17000,17000,0,'',1,'','','',0,0),
(653,333,54,144,48,60,'',0,'Freez',18000,18000,0,'',1,'','','',0,0),
(654,333,54,145,48,60,'',0,'UnFreez',17000,17000,0,'',1,'','','',0,0),
(657,334,54,143,48,60,'',0,'UnFreez',0,0,0,'',1,'','','',0,0),
(658,334,54,145,48,60,'',0,'UnFreez',0,0,0,'',1,'','','',0,0),
(659,335,54,143,48,60,'',0,'UnFreez',8500,8500,0,'',1,'','','',0,0),
(660,335,54,144,48,60,'',0,'Freez',9000,9000,0,'',1,'','','',0,0),
(661,337,54,137,48,60,'',0,'UnFreez',0,0,0,'',1,'','','',0,0),
(662,337,54,138,48,60,'',0,'UnFreez',0,0,0,'',1,'','','',0,0),
(663,337,54,139,48,60,'',0,'',0,0,0,'',1,'','','',0,0),
(664,338,54,143,48,60,'',0,'UnFreez',0,0,0,'',1,'','','',0,0),
(665,338,54,144,48,60,'',0,'Freez',0,0,0,'',1,'','','',0,0),
(666,338,54,145,48,60,'',0,'UnFreez',0,0,0,'',1,'','','',0,0),
(667,339,54,143,48,60,'',0,'UnFreez',17000,17000,0,'',1,'','','',0,0),
(668,339,54,144,48,60,'',0,'Freez',18000,18000,0,'',1,'','','',0,0),
(669,339,54,145,48,60,'',0,'UnFreez',17000,17000,0,'',1,'','','',0,0),
(670,340,54,142,48,60,'',0,'Freez',8000,8000,0,'',1,'','','',0,0),
(671,340,54,143,48,60,'',0,'UnFreez',8000,8000,0,'',1,'','','',0,0),
(672,340,54,144,48,60,'',0,'Freez',8000,8000,0,'',1,'','','',0,0),
(673,341,54,143,48,60,'',0,'UnFreez',17000,17000,0,'',1,'','','',0,0),
(675,342,54,143,48,60,'',0,'UnFreez',0,0,0,'',1,'','','',0,0),
(676,343,54,141,48,60,'',0,'UnFreez',8500,8500,0,'',1,'','','',0,0),
(677,343,54,142,48,60,'',0,'Freez',8500,8500,0,'',1,'','','',0,0),
(678,344,54,140,48,60,'',0,'Freez',0,0,0,'',1,'','','',0,0),
(679,344,54,144,48,60,'',0,'Freez',0,0,0,'',1,'','','',0,0),
(680,345,54,144,48,60,'',0,'Freez',17500,17500,0,'',1,'','','',0,0),
(681,346,54,144,48,60,'',0,'Freez',0,0,0,'',1,'','','',0,0),
(682,346,54,145,48,60,'',0,'UnFreez',0,0,0,'',1,'','','',0,0),
(683,347,54,140,48,60,'',0,'Freez',0,0,0,'',1,'','','',0,0),
(684,347,54,141,48,60,'',0,'UnFreez',0,0,0,'',1,'','','',0,0),
(685,347,54,142,48,60,'',0,'Freez',0,0,0,'',1,'','','',0,0),
(686,348,54,141,48,60,'',0,'UnFreez',0,0,0,'',1,'','','',0,0),
(687,348,54,143,48,60,'',0,'UnFreez',8000,8000,0,'',1,'','','',0,0),
(688,348,54,144,48,60,'',0,'Freez',8000,8000,0,'',1,'','','',0,0),
(689,348,54,145,48,60,'',0,'UnFreez',10000,10000,0,'',1,'','','',0,0),
(690,349,54,144,48,60,'',0,'Freez',9000,9000,0,'',1,'','','',0,0),
(691,350,54,144,48,60,'',0,'Freez',18000,18000,0,'',1,'','','',0,0),
(692,351,54,144,48,60,'',0,'Freez',0,0,0,'',1,'','','',0,0),
(693,351,54,145,48,60,'',0,'UnFreez',0,0,0,'',1,'','','',0,0),
(694,352,54,142,48,60,'',0,'Freez',0,0,0,'',1,'','','',0,0),
(695,353,54,140,48,60,'',0,'Freez',0,0,0,'',1,'','','',0,0),
(696,353,54,142,48,60,'',0,'Freez',0,0,0,'',1,'','','',0,0),
(697,354,54,144,48,60,'',0,'Freez',0,0,0,'',1,'','','',0,0),
(698,355,54,142,48,60,'',0,'Freez',17000,17000,0,'',1,'','','',0,0),
(699,355,54,144,48,60,'',0,'Freez',18000,18000,0,'',1,'','','',0,0),
(700,356,54,144,48,60,'',0,'Freez',18000,18000,0,'',1,'','','',0,0),
(701,357,54,143,48,60,'',0,'UnFreez',17000,17000,0,'',1,'','','',0,0),
(702,357,54,144,48,60,'',0,'Freez',18000,18000,0,'',1,'','','',0,0),
(703,357,54,145,48,60,'',0,'UnFreez',17000,17000,0,'',1,'','','',0,0),
(704,358,54,144,48,60,'',0,'Freez',0,0,0,'',1,'','','',0,0),
(705,359,54,143,48,60,'',0,'UnFreez',0,0,0,'',1,'','','',0,0),
(706,359,54,144,48,60,'',0,'Freez',0,0,0,'',1,'','','',0,0),
(707,359,54,145,48,60,'',0,'UnFreez',0,0,0,'',1,'','','',0,0),
(708,359,54,143,48,60,'',0,'UnFreez',0,0,0,'',1,'','','',0,0),
(709,359,54,144,48,60,'',0,'Freez',0,0,0,'',1,'','','',0,0),
(710,359,54,145,48,60,'',0,'UnFreez',0,0,0,'',1,'','','',0,0),
(711,360,54,140,48,60,'',0,'Freez',5000,5000,0,'',1,'','','',0,0),
(712,360,54,141,48,60,'',0,'UnFreez',5000,5000,0,'',1,'','','',0,0),
(713,361,54,144,48,60,'',0,'Freez',0,0,0,'',1,'','','',0,0),
(714,362,54,143,48,60,'',0,'UnFreez',0,0,0,'',1,'','','',0,0),
(715,362,54,145,48,60,'',0,'UnFreez',0,0,0,'',1,'','','',0,0),
(716,363,54,144,48,60,'',0,'Freez',10000,10000,0,'',1,'','','',0,0),
(717,364,54,144,48,60,'',0,'Freez',18000,18000,0,'',1,'','','',0,0),
(718,364,54,145,48,60,'',0,'UnFreez',17000,17000,0,'',1,'','','',0,0),
(719,365,54,140,48,60,'',0,'Freez',17000,17000,0,'',1,'','','',0,0),
(720,365,54,141,48,60,'',0,'UnFreez',17000,17000,0,'',1,'','','',0,0),
(721,366,54,144,48,60,'',0,'Freez',18000,18000,0,'',1,'','','',0,0),
(722,367,54,138,48,60,'',0,'UnFreez',17000,17000,0,'',1,'','','',0,0),
(723,367,54,139,48,60,'',0,'',17000,17000,0,'',1,'','','',0,0),
(724,367,54,140,48,60,'',0,'Freez',17000,17000,0,'',1,'','','',0,0),
(725,367,54,142,48,60,'',0,'Freez',17000,17000,0,'',1,'','','',0,0),
(726,368,54,141,48,60,'',0,'UnFreez',17000,17000,0,'',1,'','','',0,0),
(727,369,54,141,48,60,'',0,'UnFreez',17000,17000,0,'',1,'','','',0,0),
(728,369,54,142,48,60,'',0,'Freez',17000,17000,0,'',1,'','','',0,0),
(729,370,54,138,48,60,'',0,'UnFreez',0,0,0,'',1,'','','',0,0),
(730,370,54,142,48,60,'',0,'Freez',0,0,0,'',1,'','','',0,0),
(731,371,54,140,48,60,'',0,'Freez',0,0,0,'',1,'','','',0,0),
(732,371,54,141,48,60,'',0,'UnFreez',0,0,0,'',1,'','','',0,0),
(733,371,54,142,48,60,'',0,'Freez',0,0,0,'',1,'','','',0,0),
(734,372,54,141,48,60,'',0,'UnFreez',17000,17000,0,'',1,'','','',0,0),
(735,372,54,142,48,60,'',0,'Freez',17000,17000,0,'',1,'','','',0,0),
(736,373,54,140,48,60,'',0,'Freez',17000,17000,0,'',1,'','','',0,0),
(737,373,54,144,48,60,'',0,'Freez',0,0,0,'',1,'','','',0,0),
(738,373,54,145,48,60,'',0,'UnFreez',17000,17000,0,'',1,'','','',0,0),
(739,374,54,144,48,60,'',0,'Freez',5000,5000,0,'',1,'','','',0,0),
(740,374,54,145,48,60,'',0,'UnFreez',5000,5000,0,'',1,'','','',0,0),
(741,375,54,142,48,60,'',0,'Freez',17000,17000,0,'',1,'','','',0,0),
(742,375,54,144,48,60,'',0,'Freez',18000,18000,0,'',1,'','','',0,0),
(743,376,54,138,48,60,'',0,'UnFreez',17000,17000,0,'',1,'','','',0,0),
(744,376,54,142,48,60,'',0,'Freez',17000,17000,0,'',1,'','','',0,0),
(745,376,54,139,48,60,'',0,'UnFreez',17000,17000,0,'',1,'','','',0,0),
(746,377,54,143,48,60,'',0,'UnFreez',0,0,0,'',1,'','','',0,0),
(747,378,54,143,48,60,'',0,'UnFreez',0,0,0,'',1,'','','',0,0),
(748,378,54,144,48,60,'',0,'Freez',10000,10000,0,'',1,'','','',0,0),
(749,378,54,145,48,60,'',0,'UnFreez',10000,10000,0,'',1,'','','',0,0),
(750,379,54,141,48,60,'',0,'UnFreez',8500,8500,0,'',1,'','','',0,0),
(751,379,54,142,48,60,'',0,'Freez',8500,8500,0,'',1,'','','',0,0),
(752,380,54,138,48,60,'',0,'UnFreez',17000,17000,0,'',1,'','','',0,0),
(753,380,54,142,48,60,'',0,'Freez',17000,17000,0,'',1,'','','',0,0),
(754,381,54,140,48,60,'',0,'Freez',0,0,0,'',1,'','','',0,0),
(755,381,54,141,48,60,'',0,'UnFreez',0,0,0,'',1,'','','',0,0),
(756,381,54,142,48,60,'',0,'Freez',0,0,0,'',1,'','','',0,0),
(757,382,54,143,48,60,'',0,'UnFreez',0,0,0,'',1,'','','',0,0),
(758,382,54,144,48,60,'',0,'Freez',0,0,0,'',1,'','','',0,0),
(759,382,54,145,48,60,'',0,'UnFreez',0,0,0,'',1,'','','',0,0),
(760,383,54,143,48,60,'',0,'UnFreez',0,0,0,'',1,'','','',0,0),
(761,383,54,144,48,60,'',0,'Freez',0,0,0,'',1,'','','',0,0),
(762,383,54,145,48,60,'',0,'UnFreez',0,0,0,'',1,'','','',0,0),
(763,384,54,139,48,60,'',0,'',8500,8500,0,'',1,'','','',0,0),
(764,384,54,141,48,60,'',0,'UnFreez',8500,8500,0,'',1,'','','',0,0),
(765,385,54,140,48,60,'',0,'Freez',17000,17000,0,'',1,'','','',0,0),
(766,385,54,141,48,60,'',0,'UnFreez',17000,17000,0,'',1,'','','',0,0),
(767,385,54,142,48,60,'',0,'Freez',17000,17000,0,'',1,'','','',0,0),
(768,386,54,141,48,60,'',0,'UnFreez',0,0,0,'',1,'','','',0,0),
(769,386,54,142,48,60,'',0,'Freez',17000,17000,0,'',1,'','','',0,0),
(770,387,54,141,48,60,'',0,'UnFreez',0,0,0,'',1,'','','',0,0),
(771,387,54,142,48,60,'',0,'Freez',0,0,0,'',1,'','','',0,0),
(772,388,54,143,48,60,'',0,'UnFreez',8500,8500,0,'',1,'','','',0,0),
(773,388,54,144,48,60,'',0,'Freez',9000,9000,0,'',1,'','','',0,0),
(774,388,54,145,48,60,'',0,'UnFreez',8500,8500,0,'',1,'','','',0,0),
(775,389,54,139,48,60,'',0,'',17000,17000,0,'',1,'','','',0,0),
(776,389,54,144,48,60,'',0,'Freez',13000,13000,0,'',1,'','','',0,0),
(777,390,54,143,48,60,'',0,'UnFreez',17000,17000,0,'',1,'','','',0,0),
(778,390,54,145,48,60,'',0,'UnFreez',17000,17000,0,'',1,'','','',0,0),
(779,391,54,141,48,60,'',0,'UnFreez',17000,17000,0,'',1,'','','',0,0),
(780,391,54,142,48,60,'',0,'Freez',17000,17000,0,'',1,'','','',0,0),
(781,392,54,143,48,60,'',0,'UnFreez',17000,17000,0,'',1,'','','',0,0),
(782,392,54,144,48,60,'',0,'Freez',18000,18000,0,'',1,'','','',0,0),
(783,392,54,145,48,60,'',0,'UnFreez',17000,17000,0,'',1,'','','',0,0),
(784,393,54,143,48,60,'',0,'UnFreez',0,0,0,'',1,'','','',0,0),
(785,393,54,144,48,60,'',0,'Freez',0,0,0,'',1,'','','',0,0),
(786,393,54,145,48,60,'',0,'UnFreez',0,0,0,'',1,'','','',0,0),
(787,394,54,141,48,60,'',0,'UnFreez',17000,17000,0,'',1,'','','',0,0),
(788,394,54,142,48,60,'',0,'Freez',17000,17000,0,'',1,'','','',0,0),
(789,395,54,140,48,60,'',0,'Freez',8000,8000,0,'',1,'','','',0,0),
(790,395,54,142,48,60,'',0,'Freez',8000,8000,0,'',1,'','','',0,0),
(791,395,54,143,48,60,'',0,'UnFreez',8000,8000,0,'',1,'','','',0,0),
(792,396,54,140,48,60,'',0,'Freez',0,0,0,'',1,'','','',0,0),
(793,396,54,142,48,60,'',0,'Freez',0,0,0,'',1,'','','',0,0),
(794,397,54,143,48,60,'',0,'UnFreez',17000,17000,0,'',1,'','','',0,0),
(795,397,54,144,48,60,'',0,'Freez',18000,18000,0,'',1,'','','',0,0),
(796,397,54,145,48,60,'',0,'UnFreez',17000,17000,0,'',1,'','','',0,0),
(797,398,54,143,48,60,'',0,'UnFreez',17000,17000,0,'',1,'','','',0,0),
(798,398,54,144,48,60,'',0,'Freez',18000,18000,0,'',1,'','','',0,0),
(799,399,54,138,48,60,'',0,'UnFreez',0,0,0,'',1,'','','',0,0),
(800,399,54,139,48,60,'',0,'',0,0,0,'',1,'','','',0,0),
(801,399,54,141,48,60,'',0,'UnFreez',0,0,0,'',1,'','','',0,0),
(802,400,54,140,48,60,'',0,'Freez',17000,17000,0,'',1,'','','',0,0),
(803,400,54,141,48,60,'',0,'UnFreez',17000,17000,0,'',1,'','','',0,0),
(804,400,54,142,48,60,'',0,'Freez',17000,17000,0,'',1,'','','',0,0),
(805,401,54,140,48,60,'',0,'Freez',17000,17000,0,'',1,'','','',0,0),
(806,401,54,141,48,60,'',0,'UnFreez',17000,17000,0,'',1,'','','',0,0),
(807,401,54,142,48,60,'',0,'Freez',14000,14000,0,'',1,'','','',0,0),
(808,402,54,143,48,60,'',0,'UnFreez',0,0,0,'',1,'','','',0,0),
(809,403,54,142,48,60,'',0,'Freez',0,0,0,'',1,'','','',0,0),
(810,404,54,141,48,60,'',0,'UnFreez',0,0,0,'',1,'','','',0,0),
(811,404,54,142,48,60,'',0,'Freez',0,0,0,'',1,'','','',0,0),
(812,405,54,143,48,60,'',0,'UnFreez',17000,17000,0,'',1,'','','',0,0),
(813,405,54,144,48,60,'',0,'Freez',18000,18000,0,'',1,'','','',0,0),
(814,405,54,145,48,60,'',0,'UnFreez',17000,17000,0,'',1,'','','',0,0),
(815,406,54,140,48,60,'',0,'Freez',17000,17000,0,'',1,'','','',0,0),
(816,406,54,143,48,60,'',0,'UnFreez',17000,17000,0,'',1,'','','',0,0),
(817,406,54,145,48,60,'',0,'UnFreez',17000,17000,0,'',1,'','','',0,0),
(818,407,54,143,48,60,'',0,'UnFreez',0,0,0,'',1,'','','',0,0),
(819,407,54,144,48,60,'',0,'Freez',18000,18000,0,'',1,'','','',0,0),
(820,49,54,143,48,60,'',0,'UnFreez',0,0,0,'',1,'','','',0,0),
(821,49,54,144,48,60,'',0,'Freez',0,0,0,'',1,'','','',0,0),
(822,49,54,145,48,60,'',0,'UnFreez',0,0,0,'',1,'','','',0,0),
(823,408,54,145,48,60,'',0,'UnFreez',0,0,0,'',1,'','','',0,0),
(824,409,54,143,48,60,'',0,'UnFreez',0,0,0,'',1,'','','',0,0),
(825,410,54,140,48,60,'',0,'Freez',13600,13600,0,'',1,'','','',0,0),
(826,410,54,141,48,60,'',0,'UnFreez',13600,13600,0,'',1,'','','',0,0),
(827,410,54,142,48,60,'',0,'Freez',13600,13600,0,'',1,'','','',0,0),
(829,412,54,141,48,60,'',0,'UnFreez',0,0,0,'',1,'','','',0,0),
(830,413,54,144,48,60,'',0,'Freez',18000,18000,0,'',1,'','','',0,0),
(831,413,54,145,48,60,'',0,'UnFreez',17000,17000,0,'',1,'','','',0,0),
(832,414,54,144,48,60,'',0,'Freez',18000,18000,0,'',1,'','','',0,0),
(833,415,54,140,48,60,'',0,'Freez',17000,17000,0,'',1,'','','',0,0),
(834,415,54,141,48,60,'',0,'UnFreez',17000,17000,0,'',1,'','','',0,0),
(835,416,54,141,48,60,'',0,'UnFreez',17000,17000,0,'',1,'','','',0,0),
(836,417,54,140,48,60,'',0,'Freez',0,0,0,'',1,'','','',0,0),
(837,417,54,141,48,60,'',0,'UnFreez',0,0,0,'',1,'','','',0,0),
(838,417,54,142,48,60,'',0,'Freez',0,0,0,'',1,'','','',0,0),
(839,418,54,140,48,60,'',0,'Freez',0,0,0,'',1,'','','',0,0),
(840,418,54,142,48,60,'',0,'Freez',0,0,0,'',1,'','','',0,0),
(841,418,54,143,48,60,'',0,'UnFreez',17000,17000,0,'',1,'','','',0,0),
(845,419,54,141,48,60,'',0,'UnFreez',17000,17000,0,'',1,'','','',0,0),
(846,420,54,143,48,60,'',0,'UnFreez',17000,17000,0,'',1,'','','',0,0),
(847,420,54,144,48,60,'',0,'Freez',18000,18000,0,'',1,'','','',0,0),
(848,421,54,143,48,60,'',0,'UnFreez',0,0,0,'',1,'','','',0,0),
(849,422,54,140,48,60,'',0,'Freez',0,0,0,'',1,'','','',0,0),
(850,422,54,142,48,60,'',0,'Freez',0,0,0,'',1,'','','',0,0),
(851,423,54,144,48,60,'',0,'Freez',9500,9500,0,'',1,'','','',0,0),
(852,423,54,145,48,60,'',0,'UnFreez',8000,8000,0,'',1,'','','',0,0),
(853,424,54,137,48,60,'',0,'UnFreez',17000,17000,0,'',1,'','','',0,0),
(854,425,54,143,48,60,'',0,'UnFreez',0,0,0,'',1,'','','',0,0),
(855,426,54,143,48,60,'',0,'UnFreez',0,0,0,'',1,'','','',0,0),
(856,426,54,144,48,60,'',0,'Freez',0,0,0,'',1,'','','',0,0),
(857,426,54,145,48,60,'',0,'UnFreez',0,0,0,'',1,'','','',0,0),
(858,427,54,137,48,60,'',0,'UnFreez',0,0,0,'',1,'','','',0,0),
(859,427,54,141,48,60,'',0,'UnFreez',0,0,0,'',1,'','','',0,0),
(860,427,54,144,48,60,'',0,'Freez',0,0,0,'',1,'','','',0,0),
(861,428,54,143,48,60,'',0,'UnFreez',17000,17000,0,'',1,'','','',0,0),
(862,428,54,144,48,60,'',0,'Freez',18000,18000,0,'',1,'','','',0,0),
(863,429,54,142,48,60,'',0,'Freez',17000,17000,0,'',1,'','','',0,0),
(864,430,54,142,48,60,'',0,'Freez',17000,17000,0,'',1,'','','',0,0),
(865,430,54,143,48,60,'',0,'UnFreez',17000,17000,0,'',1,'','','',0,0),
(866,430,54,144,48,60,'',0,'Freez',9000,9000,0,'',1,'','','',0,0),
(867,431,54,140,48,60,'',0,'Freez',0,0,0,'',1,'','','',0,0),
(868,431,54,141,48,60,'',0,'UnFreez',0,0,0,'',1,'','','',0,0),
(869,431,54,142,48,60,'',0,'Freez',0,0,0,'',1,'','','',0,0),
(870,432,54,142,48,60,'',0,'Freez',0,0,0,'',1,'','','',0,0),
(871,433,54,140,48,60,'',0,'Freez',9000,9000,0,'',1,'','','',0,0),
(872,433,54,141,48,60,'',0,'UnFreez',9000,9000,0,'',1,'','','',0,0),
(873,434,54,142,48,60,'',0,'Freez',17000,17000,0,'',1,'','','',0,0),
(874,435,54,143,48,60,'',0,'UnFreez',6400,6400,0,'',1,'','','',0,0),
(875,435,54,145,48,60,'',0,'UnFreez',6400,6400,0,'',1,'','','',0,0),
(876,436,54,140,48,60,'',0,'Freez',0,0,0,'',1,'','','',0,0),
(877,436,54,142,48,60,'',0,'Freez',0,0,0,'',1,'','','',0,0),
(878,437,54,143,48,60,'',0,'UnFreez',17000,17000,0,'',1,'','','',0,0),
(879,437,54,144,48,60,'',0,'Freez',18000,18000,0,'',1,'','','',0,0),
(880,437,54,145,48,60,'',0,'UnFreez',0,0,0,'',1,'','','',0,0),
(881,438,54,143,48,60,'',0,'UnFreez',0,0,0,'',1,'','','',0,0),
(882,438,54,145,48,60,'',0,'UnFreez',0,0,0,'',1,'','','',0,0),
(883,439,54,140,48,60,'',0,'Freez',0,0,0,'',1,'','','',0,0),
(884,439,54,144,48,60,'',0,'Freez',18000,18000,0,'',1,'','','',0,0),
(885,440,54,144,48,60,'',0,'Freez',0,0,0,'',1,'','','',0,0),
(886,441,54,143,48,60,'',0,'UnFreez',0,0,0,'',1,'','','',0,0),
(887,441,54,145,48,60,'',0,'UnFreez',0,0,0,'',1,'','','',0,0),
(888,442,54,145,48,60,'',0,'UnFreez',0,0,0,'',1,'','','',0,0),
(889,443,54,141,48,60,'',0,'UnFreez',17000,17000,0,'',1,'','','',0,0),
(890,444,54,140,48,60,'',0,'Freez',0,0,0,'',1,'','','',0,0),
(891,444,54,141,48,60,'',0,'UnFreez',0,0,0,'',1,'','','',0,0),
(892,444,54,142,48,60,'',0,'Freez',0,0,0,'',1,'','','',0,0),
(893,445,54,139,48,60,'',0,'',17000,17000,0,'',1,'','','',0,0),
(894,445,54,144,48,60,'',0,'Freez',18000,18000,0,'',1,'','','',0,0),
(895,446,54,143,48,60,'',0,'UnFreez',10000,10000,0,'',1,'','','',0,0),
(896,447,54,139,48,60,'',0,'',17000,17000,0,'',1,'','','',0,0),
(897,447,54,141,48,60,'',0,'UnFreez',17000,17000,0,'',1,'','','',0,0),
(898,448,54,140,48,60,'',0,'Freez',17000,17000,0,'',1,'','','',0,0),
(899,448,54,141,48,60,'',0,'UnFreez',17000,17000,0,'',1,'','','',0,0),
(900,449,54,145,48,60,'',0,'UnFreez',15000,15000,0,'',1,'','','',0,0),
(901,450,54,144,48,60,'',0,'Freez',0,0,0,'',1,'','','',0,0),
(902,450,54,145,48,60,'',0,'UnFreez',0,0,0,'',1,'','','',0,0),
(903,451,54,140,48,60,'',0,'Freez',0,0,0,'',1,'','','',0,0),
(904,451,54,142,48,60,'',0,'Freez',8500,8500,0,'',1,'','','',0,0),
(905,451,54,144,48,60,'',0,'Freez',8500,8500,0,'',1,'','','',0,0),
(906,452,54,141,48,60,'',0,'UnFreez',17000,17000,0,'',1,'','','',0,0),
(907,453,54,144,48,60,'',0,'Freez',18000,18000,0,'',1,'','','',0,0),
(908,453,54,145,48,60,'',0,'UnFreez',17000,17000,0,'',1,'','','',0,0),
(909,454,54,144,48,60,'',0,'Freez',10000,10000,0,'',1,'','','',0,0),
(910,454,54,145,48,60,'',0,'UnFreez',10000,10000,0,'',1,'','','',0,0),
(911,455,54,143,48,60,'',0,'UnFreez',17000,17000,0,'',1,'','','',0,0),
(912,455,54,145,48,60,'',0,'UnFreez',17000,17000,0,'',1,'','','',0,0),
(913,456,54,144,48,60,'',0,'Freez',18000,18000,0,'',1,'','','',0,0),
(914,457,54,143,48,60,'',0,'UnFreez',17000,17000,0,'',1,'','','',0,0),
(915,457,54,144,48,60,'',0,'Freez',15000,15000,0,'',1,'','','',0,0),
(916,457,54,145,48,60,'',0,'UnFreez',17000,17000,0,'',1,'','','',0,0),
(917,458,54,143,48,60,'',0,'UnFreez',0,0,0,'',1,'','','',0,0),
(918,459,54,142,48,60,'',0,'Freez',12500,12500,0,'',1,'','','',0,0),
(919,459,54,143,48,60,'',0,'UnFreez',12500,12500,0,'',1,'','','',0,0),
(920,460,54,141,48,60,'',0,'UnFreez',17000,17000,0,'',1,'','','',0,0),
(921,460,54,142,48,60,'',0,'Freez',17000,17000,0,'',1,'','','',0,0),
(922,461,54,144,48,60,'',0,'Freez',0,0,0,'',1,'','','',0,0),
(923,462,54,141,48,60,'',0,'UnFreez',0,0,0,'',1,'','','',0,0),
(924,462,54,142,48,60,'',0,'Freez',0,0,0,'',1,'','','',0,0),
(925,463,54,144,48,60,'',0,'Freez',18000,18000,0,'',1,'','','',0,0),
(926,464,54,144,48,60,'',0,'Freez',18000,18000,0,'',1,'','','',0,0),
(927,465,54,142,48,60,'',0,'Freez',0,0,0,'',1,'','','',0,0),
(928,465,54,143,48,60,'',0,'UnFreez',0,0,0,'',1,'','','',0,0),
(929,466,54,141,48,60,'',0,'UnFreez',0,0,0,'',1,'','','',0,0),
(930,466,54,142,48,60,'',0,'Freez',0,0,0,'',1,'','','',0,0),
(931,467,54,145,48,60,'',0,'UnFreez',17000,17000,0,'',1,'','','',0,0),
(932,468,54,143,48,60,'',0,'UnFreez',17000,17000,0,'',1,'','','',0,0),
(933,468,54,145,48,60,'',0,'UnFreez',17000,17000,0,'',1,'','','',0,0),
(934,469,54,142,48,60,'',0,'Freez',17000,17000,0,'',1,'','','',0,0),
(935,470,54,140,48,60,'',0,'Freez',0,0,0,'',1,'','','',0,0),
(936,470,54,142,48,60,'',0,'Freez',17000,17000,0,'',1,'','','',0,0),
(937,470,54,143,48,60,'',0,'UnFreez',17000,17000,0,'',1,'','','',0,0),
(938,471,54,140,48,60,'',0,'Freez',8500,8500,0,'',1,'','','',0,0),
(939,471,54,141,48,60,'',0,'UnFreez',8500,8500,0,'',1,'','','',0,0),
(940,472,54,141,48,60,'',0,'UnFreez',17000,17000,0,'',1,'','','',0,0),
(941,472,54,142,48,60,'',0,'Freez',17000,17000,0,'',1,'','','',0,0),
(942,473,54,141,48,60,'',0,'UnFreez',0,0,0,'',1,'','','',0,0),
(943,473,54,145,48,60,'',0,'UnFreez',0,0,0,'',1,'','','',0,0),
(944,474,54,143,48,60,'',0,'UnFreez',17000,17000,0,'',1,'','','',0,0),
(945,474,54,145,48,60,'',0,'UnFreez',17000,17000,0,'',1,'','','',0,0),
(946,475,54,141,48,60,'',0,'UnFreez',17000,17000,0,'',1,'','','',0,0),
(947,475,54,142,48,60,'',0,'Freez',0,0,0,'',1,'','','',0,0),
(948,476,54,144,48,60,'',0,'Freez',18000,18000,0,'',1,'','','',0,0),
(949,476,54,145,48,60,'',0,'UnFreez',0,0,0,'',1,'','','',0,0),
(950,477,54,144,48,60,'',0,'Freez',18000,18000,0,'',1,'','','',0,0),
(951,477,54,145,48,60,'',0,'UnFreez',17000,17000,0,'',1,'','','',0,0),
(952,478,54,143,48,60,'',0,'UnFreez',0,0,0,'',1,'','','',0,0),
(953,478,54,144,48,60,'',0,'Freez',0,0,0,'',1,'','','',0,0),
(954,478,54,145,48,60,'',0,'UnFreez',0,0,0,'',1,'','','',0,0),
(955,479,54,142,48,60,'',0,'Freez',8500,8500,0,'',1,'','','',0,0),
(956,479,54,144,48,60,'',0,'Freez',8500,8500,0,'',1,'','','',0,0),
(957,480,54,143,48,60,'',0,'UnFreez',0,0,0,'',1,'','','',0,0),
(958,480,54,144,48,60,'',0,'Freez',18000,18000,0,'',1,'','','',0,0),
(959,480,54,145,48,60,'',0,'UnFreez',17000,17000,0,'',1,'','','',0,0),
(960,481,54,141,48,60,'',0,'UnFreez',17000,17000,0,'',1,'','','',0,0),
(961,481,54,142,48,60,'',0,'Freez',17000,17000,0,'',1,'','','',0,0),
(962,481,54,144,48,60,'',0,'Freez',18000,18000,0,'',1,'','','',0,0),
(963,482,54,139,48,60,'',0,'',17000,17000,0,'',1,'','','',0,0),
(964,482,54,140,48,60,'',0,'Freez',0,0,0,'',1,'','','',0,0),
(965,483,54,137,48,60,'',0,'UnFreez',8500,8500,0,'',1,'','','',0,0),
(966,483,54,138,48,60,'',0,'UnFreez',8500,8500,0,'',1,'','','',0,0),
(967,483,54,141,48,60,'',0,'UnFreez',8500,8500,0,'',1,'','','',0,0),
(968,484,54,145,48,60,'',0,'UnFreez',17000,17000,0,'',1,'','','',0,0),
(969,485,54,144,48,60,'',0,'Freez',18000,18000,0,'',1,'','','',0,0),
(970,486,54,144,48,60,'',0,'Freez',6000,6000,0,'',1,'','','',0,0),
(971,486,54,145,48,60,'',0,'UnFreez',6000,6000,0,'',1,'','','',0,0),
(972,487,54,140,48,60,'',0,'Freez',8500,8500,0,'',1,'','','',0,0),
(973,487,54,142,48,60,'',0,'Freez',8500,8500,0,'',1,'','','',0,0),
(974,488,54,138,48,60,'',0,'UnFreez',17000,17000,0,'',1,'','','',0,0),
(975,488,54,139,48,60,'',0,'',17000,17000,0,'',1,'','','',0,0),
(976,488,54,141,48,60,'',0,'UnFreez',17000,17000,0,'',1,'','','',0,0),
(977,489,54,144,48,60,'',0,'Freez',8000,8000,0,'',1,'','','',0,0),
(978,489,54,145,48,60,'',0,'UnFreez',8000,8000,0,'',1,'','','',0,0),
(979,490,54,141,48,60,'',0,'UnFreez',17000,17000,0,'',1,'','','',0,0),
(980,490,54,142,48,60,'',0,'Freez',17000,17000,0,'',1,'','','',0,0),
(981,490,54,144,48,60,'',0,'Freez',18000,18000,0,'',1,'','','',0,0),
(982,491,54,143,48,60,'',0,'UnFreez',0,0,0,'',1,'','','',0,0),
(983,491,54,145,48,60,'',0,'UnFreez',0,0,0,'',1,'','','',0,0),
(984,492,54,143,48,60,'',0,'UnFreez',17000,17000,0,'',1,'','','',0,0),
(985,493,54,144,48,60,'',0,'Freez',11700,11700,0,'',1,'','','',0,0),
(986,493,54,145,48,60,'',0,'UnFreez',17000,17000,0,'',1,'','','',0,0),
(987,494,54,140,48,60,'',0,'Freez',17000,17000,0,'',1,'','','',0,0),
(988,494,54,141,48,60,'',0,'UnFreez',17000,17000,0,'',1,'','','',0,0),
(989,494,54,142,48,60,'',0,'Freez',17000,17000,0,'',1,'','','',0,0),
(990,495,54,139,48,60,'',0,'',0,0,0,'',1,'','','',0,0),
(991,495,54,142,48,60,'',0,'Freez',0,0,0,'',1,'','','',0,0),
(992,495,54,144,48,60,'',0,'Freez',0,0,0,'',1,'','','',0,0),
(993,496,54,141,48,60,'',0,'UnFreez',17000,17000,0,'',1,'','','',0,0),
(994,496,54,142,48,60,'',0,'Freez',17000,17000,0,'',1,'','','',0,0),
(995,497,54,144,48,60,'',0,'Freez',18000,18000,0,'',1,'','','',0,0),
(996,497,54,145,48,60,'',0,'UnFreez',17000,17000,0,'',1,'','','',0,0),
(997,498,54,143,48,60,'',0,'UnFreez',17000,17000,0,'',1,'','','',0,0),
(998,498,54,144,48,60,'',0,'Freez',18000,18000,0,'',1,'','','',0,0),
(999,498,54,145,48,60,'',0,'UnFreez',0,0,0,'',1,'','','',0,0),
(1000,499,54,142,48,60,'',0,'Freez',0,0,0,'',1,'','','',0,0),
(1001,499,54,143,48,60,'',0,'UnFreez',0,0,0,'',1,'','','',0,0),
(1002,499,54,144,48,60,'',0,'Freez',0,0,0,'',1,'','','',0,0),
(1003,500,54,143,48,60,'',0,'UnFreez',7000,7000,0,'',1,'','','',0,0),
(1004,500,54,144,48,60,'',0,'Freez',7000,7000,0,'',1,'','','',0,0),
(1005,500,54,145,48,60,'',0,'UnFreez',7000,7000,0,'',1,'','','',0,0),
(1006,501,54,144,48,60,'',0,'Freez',0,0,0,'',1,'','','',0,0),
(1007,502,54,140,48,60,'',0,'Freez',0,0,0,'',1,'','','',0,0),
(1008,503,54,140,48,60,'',0,'Freez',17000,17000,0,'',1,'','','',0,0),
(1009,503,54,141,48,60,'',0,'UnFreez',17000,17000,0,'',1,'','','',0,0),
(1010,503,54,142,48,60,'',0,'Freez',17000,17000,0,'',1,'','','',0,0),
(1011,504,54,143,48,60,'',0,'UnFreez',17000,17000,0,'',1,'','','',0,0),
(1012,505,54,138,48,60,'',0,'UnFreez',17000,17000,0,'',1,'','','',0,0),
(1013,505,54,143,48,60,'',0,'UnFreez',17000,17000,0,'',1,'','','',0,0),
(1014,505,54,145,48,60,'',0,'UnFreez',17000,17000,0,'',1,'','','',0,0),
(1015,506,54,143,48,60,'',0,'UnFreez',13000,13000,0,'',1,'','','',0,0),
(1016,506,54,144,48,60,'',0,'Freez',13000,13000,0,'',1,'','','',0,0),
(1017,506,54,145,48,60,'',0,'UnFreez',13000,13000,0,'',1,'','','',0,0),
(1018,507,54,144,48,60,'',0,'Freez',18000,18000,0,'',1,'','','',0,0),
(1019,508,54,143,48,60,'',0,'UnFreez',11900,11900,0,'',1,'','','',0,0),
(1020,508,54,144,48,60,'',0,'Freez',11600,11600,0,'',1,'','','',0,0),
(1021,508,54,145,48,60,'',0,'UnFreez',11900,11900,0,'',1,'','','',0,0),
(1022,509,54,145,48,60,'',0,'UnFreez',8500,8500,0,'',1,'','','',0,0),
(1023,510,54,141,48,60,'',0,'UnFreez',14000,14000,0,'',1,'','','',0,0),
(1024,510,54,142,48,60,'',0,'Freez',14000,14000,0,'',1,'','','',0,0),
(1025,510,54,144,48,60,'',0,'Freez',7000,7000,0,'',1,'','','',0,0),
(1030,511,54,140,48,60,'',0,'Freez',0,0,0,'',1,'','','',0,0),
(1031,511,54,143,48,60,'',0,'UnFreez',0,0,0,'',1,'','','',0,0),
(1032,511,54,144,48,60,'',0,'Freez',0,0,0,'',1,'','','',0,0),
(1033,511,54,145,48,60,'',0,'UnFreez',0,0,0,'',1,'','','',0,0),
(1034,512,54,139,48,60,'',0,'',0,0,0,'',1,'','','',0,0),
(1035,512,54,140,48,60,'',0,'Freez',0,0,0,'',1,'','','',0,0),
(1036,512,54,141,48,60,'',0,'UnFreez',0,0,0,'',1,'','','',0,0),
(1037,512,54,142,48,60,'',0,'Freez',0,0,0,'',1,'','','',0,0),
(1038,513,54,139,48,60,'',0,'',17000,17000,0,'',1,'','','',0,0),
(1039,513,54,140,48,60,'',0,'Freez',17000,17000,0,'',1,'','','',0,0),
(1040,513,54,141,48,60,'',0,'UnFreez',17000,17000,0,'',1,'','','',0,0),
(1041,514,54,144,48,60,'',0,'Freez',0,0,0,'',1,'','','',0,0),
(1042,514,54,145,48,60,'',0,'UnFreez',0,0,0,'',1,'','','',0,0),
(1043,515,54,144,48,60,'',0,'Freez',0,0,0,'',1,'','','',0,0),
(1044,516,54,144,48,60,'',0,'Freez',0,0,0,'',1,'','','',0,0),
(1045,516,54,145,48,60,'',0,'UnFreez',16000,16000,0,'',1,'','','',0,0),
(1046,517,54,140,48,60,'',0,'Freez',0,0,0,'',1,'','','',0,0),
(1047,517,54,142,48,60,'',0,'Freez',0,0,0,'',1,'','','',0,0),
(1048,517,54,144,48,60,'',0,'Freez',0,0,0,'',1,'','','',0,0),
(1049,518,54,145,48,60,'',0,'UnFreez',0,0,0,'',1,'','','',0,0),
(1050,519,54,145,48,60,'',0,'UnFreez',8500,8500,0,'',1,'','','',0,0),
(1051,520,54,140,48,60,'',0,'Freez',0,0,0,'',1,'','','',0,0),
(1052,520,54,141,48,60,'',0,'UnFreez',0,0,0,'',1,'','','',0,0),
(1053,520,54,142,48,60,'',0,'Freez',0,0,0,'',1,'','','',0,0),
(1054,521,54,140,48,60,'',0,'Freez',0,0,0,'',1,'','','',0,0),
(1055,521,54,143,48,60,'',0,'UnFreez',0,0,0,'',1,'','','',0,0),
(1056,522,54,141,48,60,'',0,'UnFreez',0,0,0,'',1,'','','',0,0),
(1057,523,54,143,48,60,'',0,'UnFreez',0,0,0,'',1,'','','',0,0),
(1058,523,54,144,48,60,'',0,'Freez',0,0,0,'',1,'','','',0,0),
(1059,523,54,145,48,60,'',0,'UnFreez',0,0,0,'',1,'','','',0,0),
(1060,524,54,143,48,60,'',0,'UnFreez',0,0,0,'',1,'','','',0,0),
(1061,524,54,145,48,60,'',0,'UnFreez',0,0,0,'',1,'','','',0,0),
(1062,525,54,140,48,60,'',0,'Freez',17000,17000,0,'',1,'','','',0,0),
(1063,525,54,141,48,60,'',0,'UnFreez',17000,17000,0,'',1,'','','',0,0),
(1064,525,54,142,48,60,'',0,'Freez',17000,17000,0,'',1,'','','',0,0),
(1065,526,54,143,48,60,'',0,'UnFreez',0,0,0,'',1,'','','',0,0),
(1066,526,54,145,48,60,'',0,'UnFreez',0,0,0,'',1,'','','',0,0),
(1067,527,54,140,48,60,'',0,'Freez',0,0,0,'',1,'','','',0,0),
(1068,528,54,144,48,60,'',0,'Freez',17500,17500,0,'',1,'','','',0,0),
(1069,529,54,137,48,60,'',0,'UnFreez',17000,17000,0,'',1,'','','',0,0),
(1070,529,54,139,48,60,'',0,'',17000,17000,0,'',1,'','','',0,0),
(1071,529,54,141,48,60,'',0,'UnFreez',17000,17000,0,'',1,'','','',0,0),
(1072,530,54,140,48,60,'',0,'Freez',17000,17000,0,'',1,'','','',0,0),
(1073,530,54,141,48,60,'',0,'UnFreez',17000,17000,0,'',1,'','','',0,0),
(1074,530,54,142,48,60,'',0,'Freez',17000,17000,0,'',1,'','','',0,0),
(1075,531,54,143,48,60,'',0,'UnFreez',17000,17000,0,'',1,'','','',0,0),
(1076,531,54,144,48,60,'',0,'Freez',18000,18000,0,'',1,'','','',0,0),
(1077,532,54,141,48,60,'',0,'UnFreez',17000,17000,0,'',1,'','','',0,0),
(1078,532,54,142,48,60,'',0,'Freez',17000,17000,0,'',1,'','','',0,0),
(1079,533,54,144,48,60,'',0,'Freez',0,0,0,'',1,'','','',0,0),
(1080,533,54,145,48,60,'',0,'UnFreez',0,0,0,'',1,'','','',0,0),
(1081,534,54,141,48,60,'',0,'UnFreez',17000,17000,0,'',1,'','','',0,0),
(1082,534,54,144,48,60,'',0,'Freez',0,0,0,'',1,'','','',0,0),
(1083,534,54,145,48,60,'',0,'UnFreez',0,0,0,'',1,'','','',0,0),
(1084,535,54,141,48,60,'',0,'UnFreez',16000,16000,0,'',1,'','','',0,0),
(1085,536,54,139,48,60,'',0,'',17000,17000,0,'',1,'','','',0,0),
(1086,536,54,142,48,60,'',0,'Freez',17000,17000,0,'',1,'','','',0,0),
(1087,536,54,144,48,60,'',0,'Freez',16000,16000,0,'',1,'','','',0,0),
(1088,537,54,140,48,60,'',0,'Freez',17000,17000,0,'',1,'','','',0,0),
(1089,537,54,142,48,60,'',0,'Freez',17000,17000,0,'',1,'','','',0,0),
(1090,538,54,140,48,60,'',0,'Freez',0,0,0,'',1,'','','',0,0),
(1091,538,54,144,48,60,'',0,'Freez',0,0,0,'',1,'','','',0,0),
(1092,539,54,143,48,60,'',0,'UnFreez',17000,17000,0,'',1,'','','',0,0),
(1093,539,54,144,48,60,'',0,'Freez',18000,18000,0,'',1,'','','',0,0),
(1094,539,54,145,48,60,'',0,'UnFreez',17000,17000,0,'',1,'','','',0,0),
(1095,540,54,139,48,60,'',0,'',0,0,0,'',1,'','','',0,0),
(1096,540,54,141,48,60,'',0,'UnFreez',0,0,0,'',1,'','','',0,0),
(1097,541,54,139,48,60,'',0,'',17000,17000,0,'',1,'','','',0,0),
(1098,541,54,140,48,60,'',0,'Freez',17000,17000,0,'',1,'','','',0,0),
(1099,541,54,142,48,60,'',0,'Freez',17000,17000,0,'',1,'','','',0,0),
(1100,542,54,141,48,60,'',0,'UnFreez',17000,17000,0,'',1,'','','',0,0),
(1101,543,54,142,48,60,'',0,'Freez',0,0,0,'',1,'','','',0,0),
(1102,543,54,143,48,60,'',0,'UnFreez',0,0,0,'',1,'','','',0,0),
(1103,543,54,144,48,60,'',0,'Freez',0,0,0,'',1,'','','',0,0),
(1104,544,54,140,48,60,'',0,'Freez',17000,17000,0,'',1,'','','',0,0),
(1105,544,54,141,48,60,'',0,'UnFreez',17000,17000,0,'',1,'','','',0,0),
(1106,544,54,142,48,60,'',0,'Freez',17000,17000,0,'',1,'','','',0,0),
(1107,545,54,140,48,60,'',0,'Freez',0,0,0,'',1,'','','',0,0),
(1108,545,54,142,48,60,'',0,'Freez',0,0,0,'',1,'','','',0,0),
(1109,545,54,144,48,60,'',0,'Freez',0,0,0,'',1,'','','',0,0),
(1110,546,54,143,48,60,'',0,'UnFreez',0,0,0,'',1,'','','',0,0),
(1111,546,54,145,48,60,'',0,'UnFreez',17000,17000,0,'',1,'','','',0,0),
(1112,547,54,144,48,60,'',0,'Freez',18000,18000,0,'',1,'','','',0,0),
(1113,547,54,145,48,60,'',0,'UnFreez',17000,17000,0,'',1,'','','',0,0),
(1114,548,54,138,48,60,'',0,'UnFreez',8000,8000,0,'',1,'','','',0,0),
(1115,548,54,139,48,60,'',0,'',8000,8000,0,'',1,'','','',0,0),
(1116,548,54,141,48,60,'',0,'UnFreez',9000,9000,0,'',1,'','','',0,0),
(1117,549,54,145,48,60,'',0,'UnFreez',17000,17000,0,'',1,'','','',0,0),
(1118,550,54,143,48,60,'',0,'UnFreez',0,0,0,'',1,'','','',0,0),
(1119,550,54,144,48,60,'',0,'Freez',0,0,0,'',1,'','','',0,0),
(1120,550,54,145,48,60,'',0,'UnFreez',0,0,0,'',1,'','','',0,0),
(1121,551,54,143,48,60,'',0,'UnFreez',17000,17000,0,'',1,'','','',0,0),
(1122,551,54,145,48,60,'',0,'UnFreez',17000,17000,0,'',1,'','','',0,0),
(1123,552,54,144,48,60,'',0,'Freez',18000,18000,0,'',1,'','','',0,0),
(1124,553,54,141,48,60,'',0,'UnFreez',10000,10000,0,'',1,'','','',0,0),
(1125,554,54,144,48,60,'',0,'Freez',0,0,0,'',1,'','','',0,0),
(1126,555,54,140,48,60,'',0,'Freez',0,0,0,'',1,'','','',0,0),
(1127,555,54,142,48,60,'',0,'Freez',0,0,0,'',1,'','','',0,0),
(1128,556,54,143,48,60,'',0,'UnFreez',17000,17000,0,'',1,'','','',0,0),
(1129,556,54,144,48,60,'',0,'Freez',18000,18000,0,'',1,'','','',0,0),
(1130,556,54,145,48,60,'',0,'UnFreez',17000,17000,0,'',1,'','','',0,0),
(1131,557,54,144,48,60,'',0,'Freez',18000,18000,0,'',1,'','','',0,0),
(1132,558,54,144,48,60,'',0,'Freez',18000,18000,0,'',1,'','','',0,0),
(1133,559,54,144,48,60,'',0,'Freez',9000,9000,0,'',1,'','','',0,0),
(1134,559,54,145,48,60,'',0,'UnFreez',8500,8500,0,'',1,'','','',0,0),
(1135,560,54,143,48,60,'',0,'UnFreez',17000,17000,0,'',1,'','','',0,0),
(1136,560,54,145,48,60,'',0,'UnFreez',17000,17000,0,'',1,'','','',0,0),
(1137,561,54,144,48,60,'',0,'Freez',18000,18000,0,'',1,'','','',0,0),
(1138,561,54,145,48,60,'',0,'UnFreez',17000,17000,0,'',1,'','','',0,0),
(1139,562,54,142,48,60,'',0,'Freez',0,0,0,'',1,'','','',0,0),
(1140,562,54,143,48,60,'',0,'UnFreez',0,0,0,'',1,'','','',0,0),
(1141,563,54,143,48,60,'',0,'UnFreez',0,0,0,'',1,'','','',0,0),
(1142,563,54,144,48,60,'',0,'Freez',0,0,0,'',1,'','','',0,0),
(1143,563,54,145,48,60,'',0,'UnFreez',17000,17000,0,'',1,'','','',0,0),
(1144,564,54,140,48,60,'',0,'Freez',17000,17000,0,'',1,'','','',0,0),
(1145,564,54,141,48,60,'',0,'UnFreez',17000,17000,0,'',1,'','','',0,0),
(1146,564,54,142,48,60,'',0,'Freez',17000,17000,0,'',1,'','','',0,0),
(1147,565,54,142,48,60,'',0,'Freez',17000,17000,0,'',1,'','','',0,0),
(1148,565,54,144,48,60,'',0,'Freez',18000,18000,0,'',1,'','','',0,0),
(1149,566,54,139,48,60,'',0,'',0,0,0,'',1,'','','',0,0),
(1150,566,54,142,48,60,'',0,'Freez',0,0,0,'',1,'','','',0,0),
(1151,566,54,144,48,60,'',0,'Freez',0,0,0,'',1,'','','',0,0),
(1152,567,54,141,48,60,'',0,'UnFreez',17000,17000,0,'',1,'','','',0,0),
(1153,567,54,142,48,60,'',0,'Freez',17000,17000,0,'',1,'','','',0,0),
(1155,568,54,144,48,60,'',0,'Freez',18000,18000,0,'',1,'','','',0,0),
(1156,569,54,145,48,60,'',0,'UnFreez',17000,17000,0,'',1,'','','',0,0),
(1157,570,54,144,48,60,'',0,'Freez',18000,18000,0,'',1,'','','',0,0),
(1158,570,54,145,48,60,'',0,'UnFreez',17000,17000,0,'',1,'','','',0,0),
(1159,571,54,143,48,60,'',0,'UnFreez',17000,17000,0,'',1,'','','',0,0),
(1160,571,54,145,48,60,'',0,'UnFreez',17000,17000,0,'',1,'','','',0,0),
(1161,572,54,143,48,60,'',0,'UnFreez',0,0,0,'',1,'','','',0,0),
(1162,572,54,144,48,60,'',0,'Freez',0,0,0,'',1,'','','',0,0),
(1163,573,54,141,48,60,'',0,'UnFreez',16000,16000,0,'',1,'','','',0,0),
(1164,574,54,143,48,60,'',0,'UnFreez',0,0,0,'',1,'','','',0,0),
(1165,574,54,144,48,60,'',0,'Freez',0,0,0,'',1,'','','',0,0),
(1166,574,54,145,48,60,'',0,'UnFreez',0,0,0,'',1,'','','',0,0),
(1167,575,54,144,48,60,'',0,'Freez',18000,18000,0,'',1,'','','',0,0),
(1168,576,54,141,48,60,'',0,'UnFreez',17000,17000,0,'',1,'','','',0,0),
(1169,576,54,144,48,60,'',0,'Freez',18000,18000,0,'',1,'','','',0,0),
(1170,577,54,142,48,60,'',0,'Freez',0,0,0,'',1,'','','',0,0),
(1171,578,54,144,48,60,'',0,'Freez',0,0,0,'',1,'','','',0,0),
(1172,578,54,145,48,60,'',0,'UnFreez',0,0,0,'',1,'','','',0,0),
(1173,579,54,141,48,60,'',0,'UnFreez',17000,17000,0,'',1,'','','',0,0),
(1174,580,54,145,48,60,'',0,'UnFreez',0,0,0,'',1,'','','',0,0),
(1175,581,54,143,48,60,'',0,'UnFreez',0,0,0,'',1,'','','',0,0),
(1176,581,54,144,48,60,'',0,'Freez',0,0,0,'',1,'','','',0,0),
(1177,581,54,145,48,60,'',0,'UnFreez',0,0,0,'',1,'','','',0,0),
(1178,582,54,145,48,60,'',0,'UnFreez',17000,17000,0,'',1,'','','',0,0),
(1179,583,54,143,48,60,'',0,'UnFreez',0,0,0,'',1,'','','',0,0),
(1180,583,54,144,48,60,'',0,'Freez',0,0,0,'',1,'','','',0,0),
(1181,583,54,145,48,60,'',0,'UnFreez',0,0,0,'',1,'','','',0,0),
(1182,583,54,142,48,60,'',0,'Freez',0,0,0,'',1,'','','',0,0),
(1183,584,54,144,48,60,'',0,'Freez',18000,18000,0,'',1,'','','',0,0),
(1184,585,54,143,48,60,'',0,'UnFreez',0,0,0,'',1,'','','',0,0),
(1185,585,54,144,48,60,'',0,'Freez',0,0,0,'',1,'','','',0,0),
(1186,585,54,145,48,60,'',0,'UnFreez',0,0,0,'',1,'','','',0,0),
(1187,586,54,143,48,60,'',0,'UnFreez',17000,17000,0,'',1,'','','',0,0),
(1188,586,54,145,48,60,'',0,'UnFreez',17000,17000,0,'',1,'','','',0,0),
(1189,587,54,145,48,60,'',0,'UnFreez',0,0,0,'',1,'','','',0,0),
(1190,588,54,143,48,60,'',0,'UnFreez',10000,10000,0,'',1,'','','',0,0),
(1191,588,54,145,48,60,'',0,'UnFreez',10000,10000,0,'',1,'','','',0,0),
(1192,589,54,142,48,60,'',0,'Freez',17000,17000,0,'',1,'','','',0,0),
(1193,589,54,143,48,60,'',0,'UnFreez',17000,17000,0,'',1,'','','',0,0),
(1194,590,54,141,48,60,'',0,'UnFreez',17000,17000,0,'',1,'','','',0,0),
(1195,590,54,142,48,60,'',0,'Freez',17000,17000,0,'',1,'','','',0,0),
(1196,591,54,141,48,60,'',0,'UnFreez',17000,17000,0,'',1,'','','',0,0),
(1197,592,54,144,48,60,'',0,'Freez',18000,18000,0,'',1,'','','',0,0),
(1198,593,54,140,48,60,'',0,'Freez',0,0,0,'',1,'','','',0,0),
(1199,593,54,144,48,60,'',0,'Freez',10000,10000,0,'',1,'','','',0,0),
(1200,593,54,145,48,60,'',0,'UnFreez',10000,10000,0,'',1,'','','',0,0),
(1201,126,54,140,48,60,'',0,'Freez',0,0,0,'',1,'','','',0,0),
(1202,179,54,143,48,60,'',0,'UnFreez',17000,17000,0,'',1,'','','',0,0),
(1203,242,54,141,48,60,'',0,'UnFreez',0,0,0,'50',1,'','','',0,0),
(1204,197,54,145,48,60,'',0,'UnFreez',17000,17000,0,'',1,'','','',0,0),
(1205,341,54,145,48,60,'',0,'UnFreez',17000,17000,0,'',1,'','','',0,0),
(1208,595,54,140,48,60,'',0,'Freez',17000,17000,0,'',1,'','','',0,0),
(1209,595,54,142,48,60,'',0,'Freez',17000,17000,0,'',1,'','','',0,0),
(1210,411,54,141,48,60,'',0,'UnFreez',17000,17000,0,'',1,'','','',0,0),
(1211,596,54,144,48,60,'',0,'Freez',18000,18000,0,'',1,'','','',0,0),
(1212,597,54,141,48,60,'',0,'UnFreez',8000,8000,0,'',1,'','','',0,0),
(1213,597,54,142,48,60,'',0,'Freez',8000,8000,0,'',1,'','','',0,0),
(1214,598,54,139,48,60,'',0,'',8500,8500,0,'',1,'','','',0,0),
(1215,598,54,140,48,60,'',0,'Freez',8500,8500,0,'',1,'','','',0,0),
(1216,598,54,141,48,60,'',0,'UnFreez',8500,8500,0,'',1,'','','',0,0),
(1217,598,54,142,48,60,'',0,'Freez',8500,8500,0,'',1,'','','',0,0),
(1218,599,54,144,48,60,'',0,'Freez',18000,18000,0,'',1,'','','',0,0),
(1219,599,54,145,48,60,'',0,'UnFreez',17000,17000,0,'',1,'','','',0,0),
(1220,600,54,140,48,60,'',0,'Freez',10000,10000,0,'',1,'','','',0,0),
(1221,600,54,142,48,60,'',0,'Freez',10000,10000,0,'',1,'','','',0,0),
(1222,600,54,144,48,60,'',0,'Freez',10000,10000,0,'',1,'','','',0,0),
(1223,601,54,139,48,60,'',0,'',17000,17000,0,'',1,'','','',0,0),
(1224,601,54,144,48,60,'',0,'Freez',18000,18000,0,'',1,'','','',0,0),
(1225,604,54,142,48,60,'',0,'Freez',17000,17000,0,'',1,'','','',0,0),
(1226,604,54,143,48,60,'',0,'UnFreez',17000,17000,0,'',1,'','','',0,0),
(1227,604,54,144,48,60,'',0,'Freez',18000,18000,0,'',1,'','','',0,0),
(1228,605,54,139,48,60,'',0,'',12750,12750,0,'25',1,'','','',0,0),
(1229,605,54,142,48,60,'',0,'Freez',12750,12750,0,'25',1,'','','',0,0),
(1230,126,54,141,48,60,'',0,'UnFreez',0,0,0,'',1,'','','',0,0),
(1231,151,54,139,48,60,'',0,'UnFreez',8500,8500,0,'50',1,'','','',0,0),
(1232,151,54,142,48,60,'',0,'Freez',8500,8500,0,'50',1,'','','',0,0),
(1233,151,54,144,48,60,'',0,'Freez',9000,9000,0,'50',1,'','','',0,0),
(1234,606,54,140,48,60,'',0,'Freez',14450,14450,0,'15',1,'','','',0,0),
(1235,606,54,141,48,60,'',0,'UnFreez',14450,14450,0,'15',1,'','','',0,0),
(1236,606,54,142,48,60,'',0,'Freez',14450,14450,0,'15',1,'','','',0,0),
(1237,46,54,143,48,60,'',0,'UnFreez',17000,17000,0,'',1,'27-10-18','','',0,0),
(1238,46,54,144,48,60,'',0,'Freez',18000,18000,0,'',1,'27-10-18','','',0,0),
(1239,46,54,145,48,60,'',0,'UnFreez',17000,17000,0,'',1,'27-10-18','','',0,0),
(1240,607,54,137,48,60,'',0,'UnFreez',0,0,0,'',1,'','','',0,0),
(1241,607,54,138,48,60,'',0,'UnFreez',0,0,0,'',1,'','','',0,0),
(1242,608,54,137,48,60,'',0,'UnFreez',17000,0,0,'',1,'29-10-18','','',0,0),
(1243,608,54,138,48,60,'',0,'UnFreez',17000,17000,0,'',1,'29-10-18','','',0,0),
(1244,608,54,139,48,60,'',0,'',17000,17000,0,'',1,'','','',0,0);

/*Table structure for table `enroll_teacher` */

DROP TABLE IF EXISTS `enroll_teacher`;

CREATE TABLE `enroll_teacher` (
  `enrollment_id` int(30) NOT NULL AUTO_INCREMENT,
  `teacher_id` int(30) NOT NULL,
  `program_id` int(30) NOT NULL,
  `course_id` int(30) NOT NULL,
  `status` varchar(20) NOT NULL,
  PRIMARY KEY (`enrollment_id`)
) ENGINE=InnoDB AUTO_INCREMENT=2 DEFAULT CHARSET=latin1;

/*Data for the table `enroll_teacher` */

insert  into `enroll_teacher`(`enrollment_id`,`teacher_id`,`program_id`,`course_id`,`status`) values 
(1,0,1,84,'0');

/*Table structure for table `expense` */

DROP TABLE IF EXISTS `expense`;

CREATE TABLE `expense` (
  `expense_id` int(200) NOT NULL AUTO_INCREMENT,
  `expense_title` varchar(300) NOT NULL,
  `expense_sub_title` varchar(1000) NOT NULL,
  `expense_details` varchar(5000) NOT NULL,
  `amount` varchar(200) NOT NULL,
  `today_date` date NOT NULL,
  `due_date` date NOT NULL,
  `deny_message` varchar(4000) NOT NULL,
  `approve_status` int(2) NOT NULL,
  `pay_status` int(2) NOT NULL,
  PRIMARY KEY (`expense_id`)
) ENGINE=InnoDB AUTO_INCREMENT=17 DEFAULT CHARSET=latin1;

/*Data for the table `expense` */

insert  into `expense`(`expense_id`,`expense_title`,`expense_sub_title`,`expense_details`,`amount`,`today_date`,`due_date`,`deny_message`,`approve_status`,`pay_status`) values 
(5,'Utility','ABC , XYZ , KJL ,JAD','Some Details About Utility','2000','2018-09-04','2018-09-05','',1,1),
(7,'ABC 2','XYZ','Some Text Here Some Text Here Some Text Here Some Text Here Some Text Here Some Text Here ','4000','2018-09-04','2018-09-05','',1,1),
(10,'Chair','Some thing','Some text','600','2018-09-05','2018-09-06','',1,1),
(11,'Chair','Some thing','asdasdd','700','2018-09-05','2018-09-15','asd',2,0),
(12,'8','888','8','888','0088-08-08','0008-08-08','',0,0),
(13,'88','888','888','88','0088-08-08','0088-08-08','',2,0),
(14,'Bills','K electric','asjf kja f','24000','2018-09-11','2018-09-07','',1,1),
(15,'ashd','88','88','88','0888-08-11','0008-08-08','jja skdjaskd',2,0),
(16,'books','new books','for buy new books for library ','5000','2018-10-29','2018-10-29','',0,0);

/*Table structure for table `faculty` */

DROP TABLE IF EXISTS `faculty`;

CREATE TABLE `faculty` (
  `faculty_id` int(11) NOT NULL AUTO_INCREMENT,
  `faculty_name` varchar(50) DEFAULT NULL,
  `faculty_mname` varchar(50) DEFAULT NULL,
  `faculty_lname` varchar(50) DEFAULT NULL,
  `email` varchar(50) DEFAULT NULL,
  `phone` int(11) DEFAULT NULL,
  `address` varchar(100) DEFAULT NULL,
  `city` varchar(50) DEFAULT NULL,
  `cnic` int(14) DEFAULT NULL,
  `gender` varchar(10) DEFAULT NULL,
  `joindate` date DEFAULT NULL,
  `finaldegree` varchar(50) DEFAULT NULL,
  `salaryhour` int(3) DEFAULT NULL,
  `salarypercentage` int(3) DEFAULT NULL,
  `picture` blob,
  `assigncourse` varchar(50) DEFAULT NULL,
  PRIMARY KEY (`faculty_id`)
) ENGINE=InnoDB AUTO_INCREMENT=26 DEFAULT CHARSET=latin1;

/*Data for the table `faculty` */

insert  into `faculty`(`faculty_id`,`faculty_name`,`faculty_mname`,`faculty_lname`,`email`,`phone`,`address`,`city`,`cnic`,`gender`,`joindate`,`finaldegree`,`salaryhour`,`salarypercentage`,`picture`,`assigncourse`) values 
(25,'kashif111','khan','junaid','saqib@gmail.com',343,'3434','989',9898,'Male','0009-09-09','999',0,5,'1532585259',NULL);

/*Table structure for table `login` */

DROP TABLE IF EXISTS `login`;

CREATE TABLE `login` (
  `login_id` int(11) NOT NULL AUTO_INCREMENT,
  `login_name` varchar(100) DEFAULT NULL,
  `password` varchar(100) DEFAULT NULL,
  PRIMARY KEY (`login_id`)
) ENGINE=InnoDB AUTO_INCREMENT=2 DEFAULT CHARSET=latin1;

/*Data for the table `login` */

insert  into `login`(`login_id`,`login_name`,`password`) values 
(1,'admin@gmail.com','123');

/*Table structure for table `master_vocher` */

DROP TABLE IF EXISTS `master_vocher`;

CREATE TABLE `master_vocher` (
  `master_id` int(255) NOT NULL AUTO_INCREMENT,
  `student_id` int(255) NOT NULL,
  `pay_amount` int(255) NOT NULL,
  `total_fees` int(255) NOT NULL,
  `remain_fees` int(255) NOT NULL,
  `current_date` varchar(50) NOT NULL,
  `due_date` varchar(50) NOT NULL,
  `pay_with` varchar(50) NOT NULL,
  `cheque_number` varchar(100) NOT NULL,
  `batch_name` varchar(100) NOT NULL,
  PRIMARY KEY (`master_id`)
) ENGINE=InnoDB AUTO_INCREMENT=435 DEFAULT CHARSET=latin1;

/*Data for the table `master_vocher` */

insert  into `master_vocher`(`master_id`,`student_id`,`pay_amount`,`total_fees`,`remain_fees`,`current_date`,`due_date`,`pay_with`,`cheque_number`,`batch_name`) values 
(2,17,10000,30000,30000,'17-09-18','2018-09-14','Cash','','AFC MARCH 19 Batch-2'),
(3,17,3000,30000,20000,'17-09-18','2018-09-08','Cash','','AFC MARCH 19 Batch-2'),
(4,1,37000,51000,51000,'18-09-18','2018-09-29','Cash','','CAF Mar 2019'),
(5,24,35000,35000,35000,'22-09-18','2018-09-22','Cash','','CAF Mar 2019'),
(6,26,34000,34000,34000,'24-09-18','2018-09-22','Cash','','CAF Mar 2019'),
(7,29,34000,34000,34000,'24-09-18','2018-09-24','Cash','','CAF Mar 2019'),
(8,31,51000,51000,51000,'24-09-18','2018-09-24','Cash','','CAF Mar 2019'),
(9,32,52000,52000,52000,'25-09-18','2018-09-24','Cash','','CAF Mar 2019'),
(10,35,34000,34000,34000,'25-09-18','2018-09-24','Cash','','CAF Mar 2019'),
(11,38,18000,18000,18000,'25-09-18','2018-09-24','Cash','','CAF Mar 2019'),
(12,39,17000,17000,17000,'25-09-18','2018-09-25','Cash','','CAF Mar 2019'),
(13,34,40000,52000,52000,'25-09-18','2018-11-01','Cash','','CAF Mar 2019'),
(14,50,34000,34000,34000,'25-09-18','2018-09-25','Cash','','CAF Mar 2019'),
(15,51,34000,34000,34000,'25-09-18','2018-09-25','Cash','','CAF Mar 2019'),
(16,52,51000,51000,51000,'25-09-18','2018-09-25','Cash','','CAF Mar 2019'),
(17,53,25500,51000,51000,'25-09-18','2018-09-25','Cash','','CAF Mar 2019'),
(18,54,51000,51000,51000,'25-09-18','2018-09-25','Cash','','CAF Mar 2019'),
(19,55,17000,17000,17000,'26-09-18','2018-09-25','Cash','','CAF Mar 2019'),
(20,57,17000,34000,34000,'26-09-18','2018-09-26','Cash','','CAF Mar 2019'),
(21,57,0,17000,17000,'26-09-18','','Cash','','CAF Mar 2019'),
(22,59,34000,34000,34000,'26-09-18','2018-09-26','Cash','','CAF Mar 2019'),
(23,58,50000,60000,60000,'26-09-18','2018-09-26','Cash','','AFC MARCH 19 Batch-2'),
(24,60,17000,17000,17000,'26-09-18','2018-09-26','Cash','','CAF Mar 2019'),
(25,61,25500,34000,34000,'26-09-18','2018-09-26','Cash','','CAF Mar 2019'),
(26,62,17000,17000,17000,'27-09-18','2018-09-26','Cash','','CAF Mar 2019'),
(27,63,17000,17000,17000,'27-09-18','2018-09-26','Cash','','CAF Mar 2019'),
(28,64,17000,17000,17000,'27-09-18','2018-09-26','Cash','','CAF Mar 2019'),
(29,66,35000,35000,35000,'27-09-18','2018-09-27','Cash','','CAF Mar 2019'),
(30,65,0,35000,35000,'27-09-18','2018-09-26','Cash','','CAF Mar 2019'),
(31,67,52000,52000,52000,'20-10-18','','Cash','','CAF Mar 2019'),
(32,68,35000,35000,35000,'20-10-18','2018-09-30','Cash','','CAF Mar 2019'),
(33,36,35000,35000,35000,'20-10-18','2018-09-24','Cash','','CAF Mar 2019'),
(34,69,34000,34000,34000,'20-10-18','2018-10-04','Cash','','CAF Mar 2019'),
(35,70,35000,35000,35000,'20-10-18','2018-10-03','Cash','','CAF Mar 2019'),
(36,71,17000,34000,34000,'20-10-18','','Cash','','CAF Mar 2019'),
(37,72,14000,34000,34000,'20-10-18','2018-09-29','Cash','','CAF Mar 2019'),
(38,74,19200,34000,34000,'20-10-18','2018-10-01','Cash','','CAF Mar 2019'),
(39,73,9000,18000,18000,'20-10-18','2018-10-03','Cash','','CAF Mar 2019'),
(40,76,32000,34000,34000,'20-10-18','2018-10-06','Cash','','CAF Mar 2019'),
(41,77,52000,52000,52000,'20-10-18','2018-09-27','Cash','','CAF Mar 2019'),
(42,81,20000,52000,52000,'22-10-18','2018-09-29','Cash','','CAF Mar 2019'),
(43,83,32000,34000,34000,'22-10-18','2018-09-27','Cash','','CAF Mar 2019'),
(44,82,17000,17000,17000,'22-10-18','2018-10-03','Cash','','CAF Mar 2019'),
(45,84,10000,34000,34000,'22-10-18','2018-10-02','Cash','','CAF Mar 2019'),
(46,85,35000,35000,35000,'22-10-18','2018-09-27','Cash','','CAF Mar 2019'),
(47,86,17000,17000,17000,'22-10-18','2018-10-10','Cash','','CAF Mar 2019'),
(48,88,14000,17000,17000,'22-10-18','2018-10-02','Cash','','CAF Mar 2019'),
(49,592,18000,18000,18000,'22-10-18','2018-09-18','Cash','','CAF Mar 2019'),
(50,3,52000,52000,52000,'22-10-18','2018-09-17','Cash','','CAF Mar 2019'),
(51,89,17000,17000,17000,'22-10-18','2018-09-27','Cash','','CAF Mar 2019'),
(52,90,52000,52000,52000,'22-10-18','2018-10-02','Cash','','CAF Mar 2019'),
(53,91,51000,51000,51000,'22-10-18','2018-09-30','Cash','','CAF Mar 2019'),
(54,93,34000,34000,34000,'22-10-18','2018-09-29','Cash','','CAF Mar 2019'),
(55,94,27000,51000,51000,'22-10-18','2018-10-11','Cash','','CAF Mar 2019'),
(56,98,51000,51000,51000,'22-10-18','2018-10-01','Cash','','CAF Mar 2019'),
(57,99,17000,34000,34000,'22-10-18','2018-10-01','Cash','','CAF Mar 2019'),
(58,100,86000,86000,86000,'22-10-18','2018-10-03','Cash','','CAF Mar 2019'),
(59,8,34000,34000,34000,'22-10-18','2018-09-15','Cash','','CAF Mar 2019'),
(60,101,8500,17000,17000,'22-10-18','2018-10-05','Cash','','CAF Mar 2019'),
(61,103,52000,52000,52000,'22-10-18','2018-10-01','Cash','','CAF Mar 2019'),
(62,104,35000,35000,35000,'22-10-18','2018-10-02','Cash','','CAF Mar 2019'),
(63,105,17000,17000,17000,'22-10-18','2018-09-29','Cash','','CAF Mar 2019'),
(64,106,17000,34000,34000,'22-10-18','2018-10-04','Cash','','CAF Mar 2019'),
(65,107,52000,52000,52000,'22-10-18','2018-09-29','Cash','','CAF Mar 2019'),
(66,107,52000,52000,52000,'22-10-18','2018-09-29','Cash','','CAF Mar 2019'),
(67,109,20000,34000,34000,'22-10-18','2018-09-28','Cash','','CAF Mar 2019'),
(68,593,20000,52000,52000,'22-10-18','2018-10-03','Cash','','CAF Mar 2019'),
(69,113,17000,17000,17000,'22-10-18','2018-10-01','Cash','','CAF Mar 2019'),
(70,116,25000,51000,51000,'22-10-18','2018-09-29','Cash','','CAF Mar 2019'),
(71,117,17000,34000,34000,'22-10-18','2018-10-05','Cash','','CAF Mar 2019'),
(72,119,18000,18000,18000,'22-10-18','2018-10-03','Cash','','CAF Mar 2019'),
(73,121,17000,17000,17000,'22-10-18','2018-09-29','Cash','','CAF Mar 2019'),
(74,123,17000,17000,17000,'22-10-18','','Cash','','CAF Mar 2019'),
(75,126,17000,34000,34000,'22-10-18','2018-10-03','Cash','','CAF Mar 2019'),
(76,128,52000,52000,52000,'22-10-18','2018-10-04','Cash','','CAF Mar 2019'),
(77,129,17000,34000,34000,'22-10-18','2018-09-27','Cash','','CAF Mar 2019'),
(78,130,34000,34000,34000,'22-10-18','2018-10-03','Cash','','CAF Mar 2019'),
(79,115,17000,17000,17000,'22-10-18','2018-10-01','Cash','','CAF Mar 2019'),
(80,132,34000,51000,51000,'22-10-18','2018-10-04','Cheque','','CAF Mar 2019'),
(81,133,17000,17000,17000,'22-10-18','2018-10-04','Cash','','CAF Mar 2019'),
(82,134,18000,18000,18000,'22-10-18','2018-08-29','Cash','','CAF Mar 2019'),
(83,136,17000,17000,17000,'22-10-18','2018-09-27','Cash','','CAF Mar 2019'),
(84,137,34000,34000,34000,'22-10-18','2018-10-03','Cash','','CAF Mar 2019'),
(85,66,17000,17000,17000,'22-10-18','2018-09-27','Cash','','CAF Mar 2019'),
(86,139,12750,52000,52000,'22-10-18','2018-10-04','Cash','','CAF Mar 2019'),
(87,141,42500,51000,51000,'22-10-18','2018-09-27','Cash','','CAF Mar 2019'),
(88,142,34000,34000,34000,'22-10-18','2018-10-01','Cash','','CAF Mar 2019'),
(89,143,34000,34000,34000,'22-10-18','2018-09-29','Cash','','CAF Mar 2019'),
(90,144,35000,35000,35000,'22-10-18','2018-09-28','Cash','','CAF Mar 2019'),
(91,145,34000,34000,34000,'22-10-18','2018-10-06','Cash','','CAF Mar 2019'),
(92,148,17000,51000,51000,'22-10-18','2018-10-02','Cash','','CAF Mar 2019'),
(93,149,17000,17000,17000,'22-10-18','2018-10-04','Cash','','CAF Mar 2019'),
(94,150,35000,35000,35000,'22-10-18','2018-10-02','Cash','','CAF Mar 2019'),
(95,151,17000,52000,52000,'22-10-18','2018-10-03','Cash','','CAF Mar 2019'),
(96,151,17000,35000,35000,'22-10-18','2018-10-03','Cash','','CAF Mar 2019'),
(97,153,17000,34000,34000,'22-10-18','2018-10-06','Cash','','CAF Mar 2019'),
(98,155,51000,51000,51000,'22-10-18','2018-10-03','Cash','','CAF Mar 2019'),
(99,156,6000,51000,51000,'22-10-18','2018-10-06','Cash','','CAF Mar 2019'),
(100,157,51000,51000,51000,'22-10-18','2018-09-29','Cash','','CAF Mar 2019'),
(101,158,35000,35000,35000,'22-10-18','2018-10-02','Cash','','CAF Mar 2019'),
(102,159,17000,17000,17000,'22-10-18','2018-09-29','Cash','','CAF Mar 2019'),
(103,160,24000,51000,51000,'22-10-18','2018-10-02','Cash','','CAF Mar 2019'),
(104,161,18000,18000,18000,'22-10-18','2018-10-08','Cash','','CAF Mar 2019'),
(105,163,34000,34000,34000,'22-10-18','2018-10-03','Cash','','CAF Mar 2019'),
(106,164,17000,35000,35000,'22-10-18','2018-10-03','Cash','','CAF Mar 2019'),
(107,166,35000,35000,35000,'22-10-18','2018-09-28','Cash','','CAF Mar 2019'),
(108,168,10200,17000,17000,'22-10-18','2018-10-03','Cash','','CAF Mar 2019'),
(109,169,34000,34000,34000,'22-10-18','2018-09-29','Cash','','CAF Mar 2019'),
(110,170,34000,34000,34000,'22-10-18','2018-10-03','Cash','','CAF Mar 2019'),
(111,173,17000,34000,34000,'22-10-18','2018-09-30','Cash','','CAF Mar 2019'),
(112,174,35000,35000,35000,'22-10-18','2018-10-02','Cash','','CAF Mar 2019'),
(113,177,17000,17000,17000,'22-10-18','2018-10-04','Cash','','CAF Mar 2019'),
(114,178,51000,51000,51000,'22-10-18','2018-09-29','Cash','','CAF Mar 2019'),
(115,179,35000,52000,52000,'22-10-18','2018-09-30','Cash','','CAF Mar 2019'),
(116,181,51000,51000,51000,'22-10-18','2018-09-28','Cash','','CAF Mar 2019'),
(117,182,52000,52000,52000,'22-10-18','2018-10-01','Cash','','CAF Mar 2019'),
(118,185,17000,17000,17000,'22-10-18','2018-09-29','Cash','','CAF Mar 2019'),
(119,186,32000,35000,35000,'22-10-18','2018-10-04','Cash','','CAF Mar 2019'),
(120,187,17000,17000,17000,'22-10-18','2018-10-04','Cash','','CAF Mar 2019'),
(121,188,18000,18000,18000,'22-10-18','2018-10-04','Cash','','CAF Mar 2019'),
(122,190,34000,51000,51000,'22-10-18','2018-10-01','Cash','','CAF Mar 2019'),
(123,193,34000,34000,34000,'22-10-18','2018-10-03','Cash','','CAF Mar 2019'),
(124,195,34000,68000,68000,'22-10-18','2018-09-27','Cash','','CAF Mar 2019'),
(125,195,34000,68000,68000,'22-10-18','2018-09-27','Cash','','CAF Mar 2019'),
(126,202,34000,34000,34000,'22-10-18','2018-09-15','Cash','','CAF Mar 2019'),
(127,203,17000,17000,17000,'22-10-18','2018-09-30','Cash','','CAF Mar 2019'),
(128,205,20000,35000,35000,'22-10-18','2018-10-04','Cash','','CAF Mar 2019'),
(129,205,10000,35000,25000,'22-10-18','2018-10-04','Cash','','CAF Mar 2019'),
(130,205,10000,35000,15000,'22-10-18','2018-10-04','Cash','','CAF Mar 2019'),
(131,208,51000,51000,51000,'22-10-18','2018-09-27','Cash','','CAF Mar 2019'),
(132,209,34000,34000,34000,'22-10-18','2018-10-01','Cash','','CAF Mar 2019'),
(133,210,17000,17000,17000,'22-10-18','2018-09-29','Cash','','CAF Mar 2019'),
(134,212,18000,18000,18000,'22-10-18','2018-10-01','Cash','','CAF Mar 2019'),
(135,213,17000,17000,17000,'22-10-18','2018-10-03','Cash','','CAF Mar 2019'),
(136,216,34000,34000,34000,'22-10-18','2018-10-02','Cash','','CAF Mar 2019'),
(137,217,17000,17000,17000,'22-10-18','2018-10-03','Cash','','CAF Mar 2019'),
(138,219,35000,35000,35000,'22-10-18','2018-10-01','Cash','','CAF Mar 2019'),
(139,220,17000,17000,17000,'22-10-18','2018-10-04','Cash','','CAF Mar 2019'),
(140,221,35000,35000,35000,'22-10-18','2018-10-01','Cash','','CAF Mar 2019'),
(141,223,34000,34000,34000,'22-10-18','2018-10-09','Cash','','CAF Mar 2019'),
(142,225,52000,52000,52000,'22-10-18','2018-10-03','Cash','','CAF Mar 2019'),
(143,226,34000,51000,51000,'22-10-18','2018-10-02','Cash','','CAF Mar 2019'),
(144,227,17000,35000,35000,'22-10-18','2018-10-04','Cash','','CAF Mar 2019'),
(145,228,17000,17000,17000,'22-10-18','2018-10-03','Cash','','CAF Mar 2019'),
(146,229,52000,52000,52000,'22-10-18','2018-10-04','Cash','','CAF Mar 2019'),
(147,231,34000,34000,34000,'22-10-18','2018-09-28','Cash','','CAF Mar 2019'),
(148,234,35000,35000,35000,'22-10-18','2018-10-02','Cash','','CAF Mar 2019'),
(149,235,17000,34000,34000,'22-10-18','2018-10-03','Cash','','CAF Mar 2019'),
(150,237,17000,17000,17000,'22-10-18','2018-10-05','Cash','','CAF Mar 2019'),
(151,238,17000,17000,17000,'22-10-18','2018-10-03','Cash','','CAF Mar 2019'),
(152,239,52000,52000,52000,'22-10-18','2018-10-08','Cash','','CAF Mar 2019'),
(153,240,18000,35000,35000,'22-10-18','2018-10-03','Cash','','CAF Mar 2019'),
(154,241,17000,34000,34000,'22-10-18','2018-10-03','Cash','','CAF Mar 2019'),
(155,242,17000,17000,17000,'22-10-18','2018-10-05','Cash','','CAF Mar 2019'),
(156,246,17000,17000,17000,'22-10-18','2018-10-06','Cash','','CAF Mar 2019'),
(157,247,17500,35000,35000,'22-10-18','2018-10-08','Cash','','CAF Mar 2019'),
(158,248,25500,51000,51000,'22-10-18','2018-10-05','Cash','','CAF Mar 2019'),
(159,249,35000,35000,35000,'22-10-18','2018-10-01','Cash','','CAF Mar 2019'),
(160,256,7500,35000,35000,'22-10-18','2018-10-03','Cash','','CAF Mar 2019'),
(161,259,51000,51000,51000,'22-10-18','2018-09-30','Cash','','CAF Mar 2019'),
(162,260,15000,52000,52000,'22-10-18','2018-10-02','Cash','','CAF Mar 2019'),
(163,263,17000,34000,34000,'22-10-18','2018-10-02','Cash','','CAF Mar 2019'),
(164,265,35000,35000,35000,'22-10-18','2018-10-01','Cash','','CAF Mar 2019'),
(165,268,35000,35000,35000,'22-10-18','2018-09-17','Cash','','CAF Mar 2019'),
(166,271,17000,34000,34000,'22-10-18','2018-10-05','Cash','','CAF Mar 2019'),
(167,272,52000,52000,52000,'22-10-18','2018-10-01','Cash','','CAF Mar 2019'),
(168,276,25500,51000,51000,'22-10-18','2018-10-02','Cash','','CAF Mar 2019'),
(169,277,17500,35000,35000,'22-10-18','2018-10-04','Cash','','CAF Mar 2019'),
(170,278,15000,52000,52000,'22-10-18','2018-10-10','Cash','','CAF Mar 2019'),
(171,278,15000,52000,37000,'23-10-18','2018-10-10','Cash','','CAF Mar 2019'),
(172,278,15000,52000,22000,'23-10-18','2018-10-10','Cash','','CAF Mar 2019'),
(173,279,17000,17000,17000,'23-10-18','2018-10-03','Cash','','CAF Mar 2019'),
(174,281,17000,17000,17000,'23-10-18','2018-10-01','Cash','','CAF Mar 2019'),
(175,282,26000,52000,52000,'23-10-18','2018-10-09','Cash','','CAF Mar 2019'),
(176,283,35000,35000,35000,'23-10-18','2018-09-27','Cash','','CAF Mar 2019'),
(177,284,17000,35000,35000,'23-10-18','2018-10-01','Cash','','CAF Mar 2019'),
(178,286,16000,18000,18000,'23-10-18','2018-10-01','Cash','','CAF Mar 2019'),
(179,288,52000,52000,52000,'23-10-18','2018-10-02','Cash','','CAF Mar 2019'),
(180,289,34000,34000,34000,'23-10-18','2018-09-28','Cash','','CAF Mar 2019'),
(181,290,20000,52000,52000,'23-10-18','2018-10-03','Cash','','CAF Mar 2019'),
(182,291,17500,35000,35000,'23-10-18','2018-10-01','Cash','','CAF Mar 2019'),
(183,292,17000,17000,17000,'23-10-18','','Cash','','CAF Mar 2019'),
(184,197,18000,18000,18000,'23-10-18','2018-10-11','Cash','','CAF Mar 2019'),
(185,197,17000,17000,17000,'23-10-18','2018-10-11','Cash','','CAF Mar 2019'),
(186,294,18000,18000,18000,'23-10-18','','Cash','','CAF Mar 2019'),
(187,295,52000,52000,52000,'23-10-18','2018-09-28','Cash','','CAF Mar 2019'),
(188,296,17000,34000,34000,'23-10-18','2018-10-01','Cash','','CAF Mar 2019'),
(189,297,51000,51000,51000,'23-10-18','2018-10-08','Cash','','CAF Mar 2019'),
(190,298,32000,34000,34000,'23-10-18','2018-10-08','Cash','','CAF Mar 2019'),
(191,300,20000,34000,34000,'23-10-18','2018-10-06','Cash','','CAF Mar 2019'),
(192,304,52000,52000,52000,'23-10-18','2018-10-02','Cash','','CAF Mar 2019'),
(193,305,34000,34000,34000,'23-10-18','2018-10-02','Cash','','CAF Mar 2019'),
(194,306,34000,34000,34000,'23-10-18','2018-10-02','Cash','','CAF Mar 2019'),
(195,310,34000,34000,34000,'23-10-18','2018-10-02','Cash','','CAF Mar 2019'),
(196,311,51000,51000,51000,'23-10-18','2018-10-02','Cash','','CAF Mar 2019'),
(197,312,51000,51000,51000,'23-10-18','2018-10-11','Cash','','CAF Mar 2019'),
(198,313,17000,52000,52000,'23-10-18','2018-10-02','Cash','','CAF Mar 2019'),
(199,314,17000,17000,17000,'23-10-18','2018-10-02','Cash','','CAF Mar 2019'),
(200,315,34000,34000,34000,'23-10-18','2018-10-02','Cash','','CAF Mar 2019'),
(201,316,20000,35000,35000,'23-10-18','2018-10-01','Cash','','CAF Mar 2019'),
(202,318,68000,68000,68000,'23-10-18','2018-08-17','Cash','','CAF Mar 2019'),
(203,319,18000,18000,18000,'23-10-18','','Cash','','CAF Mar 2019'),
(204,320,25000,51000,51000,'23-10-18','2018-10-02','Cash','','CAF Mar 2019'),
(205,321,17000,35000,35000,'23-10-18','2018-09-17','Cash','','CAF Mar 2019'),
(206,323,35000,35000,35000,'23-10-18','2018-10-02','Cash','','CAF Mar 2019'),
(207,324,34000,34000,34000,'23-10-18','2018-09-27','Cash','','CAF Mar 2019'),
(208,325,17000,34000,34000,'23-10-18','2018-09-25','Cash','','CAF Mar 2019'),
(209,326,17500,18000,18000,'23-10-18','2018-10-03','Cash','','CAF Mar 2019'),
(210,327,34000,34000,34000,'23-10-18','2018-10-03','Cash','','CAF Mar 2019'),
(211,328,18000,18000,18000,'23-10-18','','Cash','','CAF Mar 2019'),
(212,329,18000,18000,18000,'23-10-18','2018-10-01','Cash','','CAF Mar 2019'),
(213,332,17000,17000,17000,'23-10-18','','Cash','','CAF Mar 2019'),
(214,331,17000,17000,17000,'23-10-18','2018-10-04','Cash','','CAF Mar 2019'),
(215,333,52000,52000,52000,'23-10-18','2018-09-29','Cash','','CAF Mar 2019'),
(216,335,17500,35000,35000,'23-10-18','2018-10-08','Cash','','CAF Mar 2019'),
(217,27,25500,51000,51000,'23-10-18','2018-09-23','Cash','','CAF Mar 2019'),
(218,339,52000,52000,52000,'23-10-18','2018-10-01','Cash','','CAF Mar 2019'),
(219,340,24000,52000,52000,'23-10-18','2018-10-06','Cash','','CAF Mar 2019'),
(220,341,34000,34000,34000,'23-10-18','2018-10-02','Cash','','CAF Mar 2019'),
(221,34,0,18000,12000,'23-10-18','','Cash','','CAF Mar 2019'),
(222,34,6000,18000,12000,'23-10-18','2018-09-24','Cash','','CAF Mar 2019'),
(223,343,17000,34000,34000,'23-10-18','2018-09-28','Cash','','CAF Mar 2019'),
(224,345,17500,18000,18000,'23-10-18','2018-09-24','Cash','','CAF Mar 2019'),
(225,348,26000,69000,69000,'23-10-18','2018-10-02','Cash','','CAF Mar 2019'),
(226,349,9000,18000,18000,'23-10-18','2018-01-04','Cash','','CAF Mar 2019'),
(227,350,18000,18000,18000,'23-10-18','2018-10-03','Cash','','CAF Mar 2019'),
(228,350,18000,18000,18000,'23-10-18','2018-10-03','Cash','','CAF Mar 2019'),
(229,355,35000,35000,35000,'23-10-18','2018-09-22','Cash','','CAF Mar 2019'),
(230,356,18000,18000,18000,'23-10-18','2018-10-04','Cash','','CAF Mar 2019'),
(231,357,52000,52000,52000,'23-10-18','2018-09-17','Cash','','CAF Mar 2019'),
(232,360,10000,34000,34000,'23-10-18','2018-10-01','Cash','','CAF Mar 2019'),
(233,595,34000,34000,34000,'23-10-18','','Cash','','CAF Mar 2019'),
(234,363,10000,18000,18000,'23-10-18','2018-10-03','Cash','','CAF Mar 2019'),
(235,364,35000,35000,35000,'23-10-18','2018-10-06','Cash','','CAF Mar 2019'),
(236,366,18000,18000,18000,'23-10-18','2018-10-04','Cash','','CAF Mar 2019'),
(237,365,34000,34000,34000,'23-10-18','2018-09-30','Cash','','CAF Mar 2019'),
(238,367,68000,68000,68000,'23-10-18','2018-10-06','Cash','','CAF Mar 2019'),
(239,369,34000,34000,34000,'23-10-18','2018-10-03','Cash','','CAF Mar 2019'),
(240,368,17000,17000,17000,'23-10-18','2018-10-08','Cash','','CAF Mar 2019'),
(241,372,34000,34000,34000,'23-10-18','2018-09-27','Cash','','CAF Mar 2019'),
(242,373,34000,52000,52000,'23-10-18','2018-10-04','Cash','','CAF Mar 2019'),
(243,374,10000,35000,35000,'23-10-18','2018-10-08','Cash','','CAF Mar 2019'),
(244,375,35000,35000,35000,'23-10-18','2018-10-06','Cash','','CAF Mar 2019'),
(245,376,51000,51000,51000,'23-10-18','2018-09-17','Cash','','CAF Mar 2019'),
(246,47,17000,17000,17000,'23-10-18','','Cash','','CAF Mar 2019'),
(247,378,20000,52000,52000,'23-10-18','2018-10-03','Cash','','CAF Mar 2019'),
(248,379,17000,34000,34000,'23-10-18','2018-09-27','Cash','','CAF Mar 2019'),
(249,380,34000,34000,34000,'23-10-18','2018-09-29','Cash','','CAF Mar 2019'),
(250,384,17000,34000,34000,'23-10-18','2018-09-10','Cash','','CAF Mar 2019'),
(251,385,51000,51000,51000,'23-10-18','2018-10-01','Cash','','CAF Mar 2019'),
(252,386,17000,34000,34000,'23-10-18','2018-10-01','Cash','','CAF Mar 2019'),
(253,388,26000,52000,52000,'23-10-18','2018-10-01','Cash','','CAF Mar 2019'),
(254,389,30000,35000,35000,'23-10-18','2018-09-29','Cash','','CAF Mar 2019'),
(255,390,34000,34000,34000,'23-10-18','2018-10-01','Cash','','CAF Mar 2019'),
(256,391,34000,34000,34000,'23-10-18','2018-10-01','Cash','','CAF Mar 2019'),
(257,392,52000,52000,52000,'23-10-18','2018-09-18','Cash','','CAF Mar 2019'),
(258,394,34000,34000,34000,'23-10-18','2018-10-03','Cash','','CAF Mar 2019'),
(259,395,24000,51000,51000,'23-10-18','2018-10-03','Cash','','CAF Mar 2019'),
(260,397,52000,52000,52000,'23-10-18','2018-09-29','Cash','','CAF Mar 2019'),
(261,398,35000,35000,35000,'23-10-18','2018-10-04','Cash','','CAF Mar 2019'),
(262,400,51000,51000,51000,'23-10-18','2018-10-06','Cash','','CAF Mar 2019'),
(263,401,48000,51000,51000,'23-10-18','2018-09-29','Cash','','CAF Mar 2019'),
(264,405,52000,52000,52000,'23-10-18','2018-09-18','Cash','','CAF Mar 2019'),
(265,406,51000,51000,51000,'23-10-18','2018-10-02','Cash','','CAF Mar 2019'),
(266,407,18000,35000,35000,'23-10-18','2018-10-02','Cash','','CAF Mar 2019'),
(267,410,40800,51000,51000,'23-10-18','2018-09-29','Cash','','CAF Mar 2019'),
(268,411,18000,18000,18000,'23-10-18','2018-10-04','Cash','','CAF Mar 2019'),
(269,411,17000,17000,17000,'23-10-18','','Cash','','CAF Mar 2019'),
(270,413,35000,35000,35000,'23-10-18','2018-09-30','Cash','','CAF Mar 2019'),
(271,413,35000,35000,35000,'23-10-18','2018-09-30','Cash','','CAF Mar 2019'),
(272,414,18000,18000,18000,'23-10-18','','Cash','','CAF Mar 2019'),
(273,415,34000,34000,34000,'23-10-18','2018-09-29','Cash','','CAF Mar 2019'),
(274,416,17000,17000,17000,'23-10-18','2018-09-29','Cash','','CAF Mar 2019'),
(275,418,17000,51000,51000,'23-10-18','2018-09-30','Cash','','CAF Mar 2019'),
(276,419,17000,17000,17000,'23-10-18','','Cash','','CAF Mar 2019'),
(277,420,35000,35000,35000,'23-10-18','2018-09-29','Cash','','CAF Mar 2019'),
(278,423,17500,35000,35000,'23-10-18','2018-10-01','Cash','','CAF Mar 2019'),
(279,424,17000,17000,17000,'23-10-18','2018-10-09','Cash','','CAF Mar 2019'),
(280,428,35000,35000,35000,'23-10-18','2018-10-03','Cash','','CAF Mar 2019'),
(281,429,17000,17000,17000,'23-10-18','','Cash','','CAF Mar 2019'),
(282,430,43000,52000,52000,'23-10-18','2018-10-03','Cash','','CAF Mar 2019'),
(283,433,18000,34000,34000,'23-10-18','2018-10-04','Cash','','CAF Mar 2019'),
(284,434,17000,17000,17000,'23-10-18','2018-10-06','Cash','','CAF Mar 2019'),
(285,435,12800,34000,34000,'23-10-18','2018-09-25','Cash','','CAF Mar 2019'),
(286,437,35000,52000,52000,'23-10-18','2018-09-29','Cash','','CAF Mar 2019'),
(287,439,18000,35000,35000,'23-10-18','2018-10-04','Cash','','CAF Mar 2019'),
(288,443,17000,17000,17000,'23-10-18','2018-10-01','Cash','','CAF Mar 2019'),
(289,445,35000,35000,35000,'23-10-18','2018-10-01','Cash','','CAF Mar 2019'),
(290,446,10000,17000,17000,'23-10-18','2018-10-06','Cash','','CAF Mar 2019'),
(291,447,34000,34000,34000,'23-10-18','2018-10-06','Cash','','CAF Mar 2019'),
(292,448,34000,34000,34000,'23-10-18','2018-09-30','Cash','','CAF Mar 2019'),
(293,449,15000,17000,17000,'23-10-18','','Cash','','CAF Mar 2019'),
(294,451,17000,52000,52000,'23-10-18','2018-10-02','Cash','','CAF Mar 2019'),
(295,452,17000,17000,17000,'23-10-18','','Cash','','CAF Mar 2019'),
(296,453,0,35000,35000,'23-10-18','2018-10-06','Cash','','CAF Mar 2019'),
(297,454,20000,35000,35000,'23-10-18','2018-09-29','Cash','','CAF Mar 2019'),
(298,455,0,34000,34000,'23-10-18','2018-09-29','Cash','','CAF Mar 2019'),
(299,456,18000,18000,18000,'23-10-18','','Cash','','CAF Mar 2019'),
(300,457,49000,52000,52000,'23-10-18','2018-10-04','Cash','','CAF Mar 2019'),
(301,459,25000,34000,34000,'23-10-18','2018-10-02','Cash','','CAF Mar 2019'),
(302,460,0,34000,34000,'24-10-18','2018-10-02','Cash','','CAF Mar 2019'),
(303,463,18000,18000,18000,'24-10-18','2018-10-11','Cash','','CAF Mar 2019'),
(304,464,18000,18000,18000,'24-10-18','2018-09-17','Cash','','CAF Mar 2019'),
(305,467,17000,17000,17000,'24-10-18','2018-10-05','Cash','','CAF Mar 2019'),
(306,468,0,34000,34000,'24-10-18','2018-09-29','Cash','','CAF Mar 2019'),
(307,469,17000,17000,17000,'24-10-18','2018-10-03','Cash','','CAF Mar 2019'),
(308,470,34000,51000,51000,'24-10-18','2018-10-03','Cash','','CAF Mar 2019'),
(309,471,17000,34000,34000,'24-10-18','2018-10-02','Cash','','CAF Mar 2019'),
(310,472,0,34000,34000,'24-10-18','2018-10-04','Cash','','CAF Mar 2019'),
(311,474,34000,34000,34000,'24-10-18','2018-10-04','Cash','','CAF Mar 2019'),
(312,475,17000,34000,34000,'24-10-18','2018-09-28','Cash','','CAF Mar 2019'),
(313,476,18000,35000,35000,'24-10-18','2018-09-28','Cash','','CAF Mar 2019'),
(314,477,0,35000,35000,'24-10-18','2018-10-03','Cash','','CAF Mar 2019'),
(315,479,17000,35000,35000,'24-10-18','2018-09-29','Cash','','CAF Mar 2019'),
(316,480,35000,52000,52000,'24-10-18','2018-10-03','Cash','','CAF Mar 2019'),
(317,481,0,52000,52000,'24-10-18','2018-10-03','Cash','','CAF Mar 2019'),
(318,482,17000,34000,34000,'24-10-18','2018-09-27','Cash','','CAF Mar 2019'),
(319,483,25500,51000,51000,'24-10-18','2018-10-03','Cash','','CAF Mar 2019'),
(320,484,17000,17000,17000,'24-10-18','','Cash','','CAF Mar 2019'),
(321,485,18000,18000,18000,'24-10-18','2018-10-08','Cash','','CAF Mar 2019'),
(322,486,12000,35000,35000,'24-10-18','2018-10-03','Cash','','CAF Mar 2019'),
(323,487,17000,34000,34000,'24-10-18','','Cash','','CAF Mar 2019'),
(324,488,51000,51000,51000,'24-10-18','2018-10-04','Cash','','CAF Mar 2019'),
(325,489,16000,35000,35000,'24-10-18','2018-10-01','Cash','','CAF Mar 2019'),
(326,490,52000,52000,52000,'24-10-18','2018-10-03','Cash','','CAF Mar 2019'),
(327,492,17000,17000,17000,'24-10-18','','Cash','','CAF Mar 2019'),
(328,596,18000,18000,18000,'24-10-18','2018-10-02','Cash','','CAF Mar 2019'),
(329,493,28700,35000,35000,'24-10-18','2018-09-27','Cash','','CAF Mar 2019'),
(330,494,51000,51000,51000,'24-10-18','','Cash','','CAF Mar 2019'),
(331,496,34000,34000,34000,'24-10-18','2018-10-04','Cash','','CAF Mar 2019'),
(332,497,35000,35000,35000,'24-10-18','2018-10-03','Cash','','CAF Mar 2019'),
(333,498,35000,52000,52000,'24-10-18','2018-09-28','Cash','','CAF Mar 2019'),
(334,500,21000,52000,52000,'24-10-18','2018-09-18','Cash','','CAF Mar 2019'),
(335,503,51000,51000,51000,'24-10-18','2018-10-03','Cash','','CAF Mar 2019'),
(336,504,17000,17000,17000,'24-10-18','2018-10-04','Cash','','CAF Mar 2019'),
(337,505,51000,51000,51000,'24-10-18','2018-10-04','Cash','','CAF Mar 2019'),
(338,506,39000,52000,52000,'24-10-18','2018-10-01','Cash','','CAF Mar 2019'),
(339,597,16000,34000,34000,'24-10-18','2018-10-05','Cash','','CAF Mar 2019'),
(340,507,18000,18000,18000,'24-10-18','2018-09-18','Cash','','CAF Mar 2019'),
(341,508,35400,52000,52000,'24-10-18','2018-09-29','Cash','','CAF Mar 2019'),
(342,509,8500,17000,17000,'24-10-18','','Cash','','CAF Mar 2019'),
(343,510,35000,52000,52000,'24-10-18','2018-10-01','Cash','','CAF Mar 2019'),
(344,598,34000,68000,68000,'24-10-18','2018-10-03','Cash','','CAF Mar 2019'),
(345,513,51000,51000,51000,'24-10-18','2018-10-11','Cash','','CAF Mar 2019'),
(346,599,35000,35000,35000,'24-10-18','2018-10-02','Cash','','CAF Mar 2019'),
(347,516,16000,35000,35000,'24-10-18','','Cash','','CAF Mar 2019'),
(348,600,30000,52000,52000,'24-10-18','2018-09-30','Cash','','CAF Mar 2019'),
(349,519,8500,17000,17000,'24-10-18','2018-10-01','Cash','','CAF Mar 2019'),
(350,525,51000,51000,51000,'24-10-18','2018-09-27','Cash','','CAF Mar 2019'),
(351,528,17500,18000,18000,'24-10-18','2018-10-06','Cash','','CAF Mar 2019'),
(352,529,51000,51000,51000,'24-10-18','2018-09-28','Cash','','CAF Mar 2019'),
(353,530,51000,51000,51000,'24-10-18','2018-09-28','Cash','','CAF Mar 2019'),
(354,28,51000,51000,51000,'24-10-18','2018-09-24','Cash','','CAF Mar 2019'),
(355,531,35000,35000,35000,'24-10-18','2018-09-29','Cash','','CAF Mar 2019'),
(356,535,16000,17000,17000,'24-10-18','','Cash','','CAF Mar 2019'),
(357,532,34000,34000,34000,'24-10-18','2018-09-29','Cash','','CAF Mar 2019'),
(358,534,17000,52000,52000,'24-10-18','2018-10-04','Cash','','CAF Mar 2019'),
(359,536,50000,52000,52000,'24-10-18','2018-10-08','Cash','','CAF Mar 2019'),
(360,537,34000,34000,34000,'24-10-18','','Cash','','CAF Mar 2019'),
(361,539,52000,52000,52000,'24-10-18','2018-09-14','Cash','','CAF Mar 2019'),
(362,541,51000,51000,51000,'24-10-18','2018-09-15','Cash','','CAF Mar 2019'),
(363,542,17000,17000,17000,'24-10-18','','Cash','','CAF Mar 2019'),
(364,544,51000,51000,51000,'24-10-18','2018-10-01','Cash','','CAF Mar 2019'),
(365,546,17000,34000,34000,'24-10-18','2018-10-01','Cash','','CAF Mar 2019'),
(366,547,35000,35000,35000,'24-10-18','2018-09-22','Cash','','CAF Mar 2019'),
(367,548,25000,51000,51000,'24-10-18','2018-10-09','Cash','','CAF Mar 2019'),
(368,549,17000,17000,17000,'24-10-18','','Cash','','CAF Mar 2019'),
(369,551,34000,34000,34000,'24-10-18','2018-10-10','Cash','','CAF Mar 2019'),
(370,552,18000,18000,18000,'24-10-18','2018-10-06','Cash','','CAF Mar 2019'),
(371,553,10000,17000,17000,'24-10-18','','Cash','','CAF Mar 2019'),
(372,556,52000,52000,52000,'24-10-18','2018-10-02','Cash','','CAF Mar 2019'),
(373,558,18000,18000,18000,'24-10-18','','Cash','','CAF Mar 2019'),
(374,557,18000,18000,18000,'24-10-18','','Cash','','CAF Mar 2019'),
(375,559,17500,35000,35000,'24-10-18','2018-10-02','Cash','','CAF Mar 2019'),
(376,560,34000,34000,34000,'24-10-18','2018-10-02','Cash','','CAF Mar 2019'),
(377,561,35000,35000,35000,'24-10-18','2018-09-26','Cash','','CAF Mar 2019'),
(378,563,17000,52000,52000,'24-10-18','2018-09-27','Cash','','CAF Mar 2019'),
(379,564,51000,51000,51000,'24-10-18','2018-10-04','Cash','','CAF Mar 2019'),
(380,565,35000,35000,35000,'24-10-18','2018-10-01','Cash','','CAF Mar 2019'),
(381,567,34000,34000,34000,'24-10-18','2018-10-02','Cash','','CAF Mar 2019'),
(382,567,34000,34000,34000,'24-10-18','2018-10-02','Cash','','CAF Mar 2019'),
(383,568,18000,18000,18000,'24-10-18','2018-10-04','Cash','','CAF Mar 2019'),
(384,569,17000,17000,17000,'24-10-18','2018-10-02','Cash','','CAF Mar 2019'),
(385,570,35000,35000,35000,'24-10-18','2018-10-08','Cash','','CAF Mar 2019'),
(386,571,34000,34000,34000,'24-10-18','2018-09-25','Cash','','CAF Mar 2019'),
(387,601,35000,35000,35000,'24-10-18','2018-10-05','Cash','','CAF Mar 2019'),
(388,573,16000,17000,17000,'24-10-18','','Cash','','CAF Mar 2019'),
(389,575,18000,18000,18000,'24-10-18','2018-09-17','Cash','','CAF Mar 2019'),
(390,576,35000,35000,35000,'24-10-18','2018-10-01','Cash','','CAF Mar 2019'),
(391,579,17000,17000,17000,'24-10-18','2018-10-02','Cash','','CAF Mar 2019'),
(392,582,17000,17000,17000,'24-10-18','','Cash','','CAF Mar 2019'),
(393,604,52000,52000,52000,'24-10-18','2018-09-30','Cash','','CAF Mar 2019'),
(394,584,18000,18000,18000,'24-10-18','2018-10-08','Cash','','CAF Mar 2019'),
(395,586,34000,34000,34000,'24-10-18','2018-10-04','Cash','','CAF Mar 2019'),
(396,588,20000,34000,34000,'24-10-18','2018-10-03','Cash','','CAF Mar 2019'),
(397,589,34000,34000,34000,'24-10-18','2018-10-01','Cash','','CAF Mar 2019'),
(398,590,34000,34000,34000,'24-10-18','2018-10-06','Cash','','CAF Mar 2019'),
(399,591,17000,17000,17000,'24-10-18','','Cash','','CAF Mar 2019'),
(400,43,17000,18000,0,'27-10-18','','Cash','','CAF Mar 2019'),
(401,78,17000,34000,27200,'27-10-18','2018-10-08','Cash','','CAF Mar 2019'),
(402,92,41000,52000,41600,'27-10-18','','Cash','','CAF Mar 2019'),
(403,605,25500,34000,25500,'27-10-18','2018-09-18','Cash','','CAF Mar 2019'),
(404,102,13600,17000,13600,'27-10-18','','Cash','','CAF Mar 2019'),
(405,112,12000,35000,24500,'27-10-18','','Cash','','CAF Mar 2019'),
(406,131,25500,34000,25500,'27-10-18','2018-09-29','Cash','','CAF Mar 2019'),
(407,139,26250,35000,26250,'27-10-18','2018-10-04','Cash','','CAF Mar 2019'),
(408,140,12750,17000,12750,'27-10-18','2018-10-09','Cash','','CAF Mar 2019'),
(409,146,41600,52000,41600,'27-10-18','2018-10-05','Cash','','CAF Mar 2019'),
(410,147,11900,17000,11900,'27-10-18','2018-10-08','Cash','','CAF Mar 2019'),
(411,151,26000,52000,26000,'27-10-18','2018-10-03','Cash','','CAF Mar 2019'),
(412,154,12750,51000,12750,'27-10-18','2018-10-03','Cash','','CAF Mar 2019'),
(413,156,12000,51000,29700,'27-10-18','2018-10-06','Cash','','CAF Mar 2019'),
(414,606,43350,51000,43350,'27-10-18','2018-09-27','Cash','','CAF Mar 2019'),
(415,46,52000,52000,52000,'27-10-18','2018-09-17','Cash','','CAF Mar 2019'),
(416,171,17250,17250,17250,'27-10-18','2018-10-03','Cash','','CAF Mar 2019'),
(417,175,26000,26000,26000,'27-10-18','2018-10-01','Cash','','CAF Mar 2019'),
(418,192,17850,35700,35700,'27-10-18','2018-10-06','Cash','','CAF Mar 2019'),
(419,199,25500,25500,25500,'27-10-18','2018-10-11','Cash','','CAF Mar 2019'),
(420,189,8500,8500,8500,'27-10-18','2018-10-06','Cash','','CAF Mar 2019'),
(421,200,9000,9000,9000,'27-10-18','2018-10-11','Cash','','CAF Mar 2019'),
(422,211,25500,25500,25500,'27-10-18','2018-10-03','Cash','','CAF Mar 2019'),
(423,244,11900,11900,11900,'27-10-18','2018-10-08','Cash','','CAF Mar 2019'),
(424,255,9000,9000,9000,'28-10-18','2018-10-11','Cash','','CAF Mar 2019'),
(425,258,35700,35700,35700,'28-10-18','2018-10-06','Cash','','CAF Mar 2019'),
(426,608,17000,51000,51000,'29-10-18','2018-10-30','Cash','','CAF Mar 2019'),
(427,608,34000,51000,34000,'29-10-18','2018-10-30','Cash','','CAF Mar 2019'),
(428,3,-12750,0,0,'29-10-18','','Cash','','CAF Mar 2019'),
(429,3,-12750,0,0,'29-10-18','','Cash','','CAF Mar 2019'),
(430,3,-12750,0,0,'29-10-18','','Cash','','CAF Mar 2019'),
(431,3,-15300,0,0,'29-10-18','','Cash','','CAF Mar 2019'),
(432,3,-15300,0,0,'29-10-18','','Cash','','CAF Mar 2019'),
(433,3,-15300,0,0,'29-10-18','','Cash','','CAF Mar 2019'),
(434,3,-14450,17000,0,'29-10-18','','Cash','','CAF Mar 2019');

/*Table structure for table `module` */

DROP TABLE IF EXISTS `module`;

CREATE TABLE `module` (
  `module_id` int(11) NOT NULL AUTO_INCREMENT,
  `program_id` int(11) DEFAULT NULL,
  `module_name` varchar(200) DEFAULT NULL,
  `startdate` date DEFAULT NULL,
  `enddate` date DEFAULT NULL,
  `mod_status` int(11) DEFAULT NULL,
  PRIMARY KEY (`module_id`)
) ENGINE=InnoDB AUTO_INCREMENT=50 DEFAULT CHARSET=latin1;

/*Data for the table `module` */

insert  into `module`(`module_id`,`program_id`,`module_name`,`startdate`,`enddate`,`mod_status`) values 
(43,54,'AFC','2018-09-08','2018-09-27',1),
(45,54,'PCSC','2018-09-21','2018-10-31',1),
(46,54,'CFAP','2018-09-21','2018-10-31',1),
(47,54,'MSA','2018-09-21','2018-10-31',1),
(48,54,'CAF','2018-09-21','2018-10-31',1),
(49,60,'1st',NULL,NULL,1);

/*Table structure for table `program` */

DROP TABLE IF EXISTS `program`;

CREATE TABLE `program` (
  `program_id` int(11) NOT NULL AUTO_INCREMENT,
  `program_name` varchar(50) DEFAULT NULL,
  `startdate` date DEFAULT NULL,
  `enddate` date DEFAULT NULL,
  `status` varchar(11) DEFAULT NULL,
  PRIMARY KEY (`program_id`)
) ENGINE=InnoDB AUTO_INCREMENT=60 DEFAULT CHARSET=latin1;

/*Data for the table `program` */

insert  into `program`(`program_id`,`program_name`,`startdate`,`enddate`,`status`) values 
(54,'CA','2018-07-02','2018-08-01','1'),
(56,'ACCA','2018-07-02','2018-08-08','1'),
(58,'ICMA','2018-01-01','2018-01-01','1'),
(59,'Inter College','2018-08-01','2019-07-24','1');

/*Table structure for table `refund` */

DROP TABLE IF EXISTS `refund`;

CREATE TABLE `refund` (
  `refund_id` int(20) NOT NULL AUTO_INCREMENT,
  `batch_id` int(100) DEFAULT NULL,
  `student_id` int(20) DEFAULT NULL,
  `remarks` varchar(255) DEFAULT NULL,
  `admin_note` varchar(1000) DEFAULT NULL,
  `approve` int(30) DEFAULT NULL,
  `percentage` int(20) DEFAULT NULL,
  `refund_amount` int(100) DEFAULT NULL,
  PRIMARY KEY (`refund_id`)
) ENGINE=InnoDB AUTO_INCREMENT=3 DEFAULT CHARSET=latin1;

/*Data for the table `refund` */

insert  into `refund`(`refund_id`,`batch_id`,`student_id`,`remarks`,`admin_note`,`approve`,`percentage`,`refund_amount`) values 
(1,60,3,NULL,NULL,NULL,NULL,NULL),
(2,60,3,' aa',NULL,NULL,15,-14450);

/*Table structure for table `roll` */

DROP TABLE IF EXISTS `roll`;

CREATE TABLE `roll` (
  `roll_id` int(11) NOT NULL AUTO_INCREMENT,
  `roll_name` varchar(100) DEFAULT NULL,
  PRIMARY KEY (`roll_id`)
) ENGINE=InnoDB AUTO_INCREMENT=4 DEFAULT CHARSET=latin1;

/*Data for the table `roll` */

insert  into `roll`(`roll_id`,`roll_name`) values 
(1,'Owner'),
(2,'Admin'),
(3,'Backoffice');

/*Table structure for table `signup` */

DROP TABLE IF EXISTS `signup`;

CREATE TABLE `signup` (
  `signup_id` int(11) NOT NULL AUTO_INCREMENT,
  `roll_id` int(11) DEFAULT NULL,
  `signup_name` varchar(50) DEFAULT NULL,
  `signup_email` varchar(50) DEFAULT NULL,
  `signup_password` varchar(200) DEFAULT NULL,
  `position` varchar(200) DEFAULT NULL,
  `status` varchar(50) DEFAULT NULL,
  `program_id` varchar(20) DEFAULT NULL,
  PRIMARY KEY (`signup_id`)
) ENGINE=InnoDB AUTO_INCREMENT=436 DEFAULT CHARSET=latin1;

/*Data for the table `signup` */

insert  into `signup`(`signup_id`,`roll_id`,`signup_name`,`signup_email`,`signup_password`,`position`,`status`,`program_id`) values 
(430,3,'Admin','admin@artt.com','1234','Developer','1',NULL),
(431,3,'Sanaullah','sanaullah@gmail.com','suny','Designer','1',NULL),
(435,3,'Ali','backoffice@artt.com','123','Designer','1',NULL);

/*Table structure for table `staff` */

DROP TABLE IF EXISTS `staff`;

CREATE TABLE `staff` (
  `staff_id` int(11) NOT NULL AUTO_INCREMENT,
  `staff_name` varchar(100) DEFAULT NULL,
  `middle_name` varchar(50) DEFAULT NULL,
  `last_name` varchar(50) DEFAULT NULL,
  `email` varchar(50) DEFAULT NULL,
  `phone` int(15) DEFAULT NULL,
  `address` varchar(255) DEFAULT NULL,
  `city` varchar(10) DEFAULT NULL,
  `cnic` varchar(10) DEFAULT NULL,
  `gender` varchar(8) DEFAULT NULL,
  `dob` date DEFAULT NULL,
  `education` varchar(50) DEFAULT NULL,
  `designation` varchar(50) DEFAULT NULL,
  `salary` int(6) DEFAULT NULL,
  `image` blob,
  PRIMARY KEY (`staff_id`)
) ENGINE=InnoDB AUTO_INCREMENT=11 DEFAULT CHARSET=latin1;

/*Data for the table `staff` */

insert  into `staff`(`staff_id`,`staff_name`,`middle_name`,`last_name`,`email`,`phone`,`address`,`city`,`cnic`,`gender`,`dob`,`education`,`designation`,`salary`,`image`) values 
(8,'amar khan','khan','nipon','abc@ymail.com.update',NULL,'kyc','karachi','45234234','Female','0005-02-02','master','manger',30000,'1532166615'),
(10,'imran12','khan','naizi','naizi@gmail.com',NULL,'bani galla','isl',NULL,'Male','0002-02-02','bsc','ceo',3999,'1532933729');

/*Table structure for table `student` */

DROP TABLE IF EXISTS `student`;

CREATE TABLE `student` (
  `artt_id` varchar(200) NOT NULL,
  `cr` text NOT NULL,
  `program_id` int(20) DEFAULT NULL,
  `batch_id` int(255) NOT NULL,
  `studentid` int(11) NOT NULL AUTO_INCREMENT,
  `fname` varchar(100) DEFAULT NULL,
  `mname` varchar(100) DEFAULT NULL,
  `lname` varchar(100) DEFAULT NULL,
  `fathername` varchar(100) DEFAULT NULL,
  `father_email` varchar(150) NOT NULL,
  `father_cnic` varchar(150) NOT NULL,
  `father_phone` varchar(150) NOT NULL,
  `father_profession` varchar(150) NOT NULL,
  `CNIC` int(15) DEFAULT NULL,
  `email` varchar(50) DEFAULT NULL,
  `phone` varchar(50) DEFAULT NULL,
  `gender` varchar(50) DEFAULT NULL,
  `image` blob,
  `DOJ` date DEFAULT NULL,
  `permanent_address` varchar(100) DEFAULT NULL,
  `freeze_note` varchar(3000) NOT NULL,
  `fstatus` varchar(20) NOT NULL,
  PRIMARY KEY (`studentid`)
) ENGINE=InnoDB AUTO_INCREMENT=609 DEFAULT CHARSET=latin1;

/*Data for the table `student` */

insert  into `student`(`artt_id`,`cr`,`program_id`,`batch_id`,`studentid`,`fname`,`mname`,`lname`,`fathername`,`father_email`,`father_cnic`,`father_phone`,`father_profession`,`CNIC`,`email`,`phone`,`gender`,`image`,`DOJ`,`permanent_address`,`freeze_note`,`fstatus`) values 
('ARTT-3','102419',NULL,60,3,'Absar Mehmood Abbasi',NULL,NULL,'Sajid Mehmood Abbasi','','','0333-3436844','',2147483647,'','0316-2465135','Male','1537181471','2018-09-17','','',''),
('ARTT-8','101525',NULL,60,8,'Ahmed Ur Rehman',NULL,NULL,'Yousuf Khan','','','0332-2166961','',2147483647,'','0349-2587324','Male','1537182434','2018-09-17','','',''),
('ARTT-9','99706',NULL,60,9,'Arsalan Jawed',NULL,NULL,'Jawed Zakaria','','','0321-2599220','',2147483647,'','0321-2599220','Male','1537182552','2018-09-17','','',''),
('ARTT-11','99080',NULL,60,11,'Iqra Rana',NULL,NULL,'Rana Muhammad Shahnawaz','','','0334-3232361','',2147483647,'','0307-2255290','Male','1537182795','2018-09-17','','',''),
('ARTT-12','81915',NULL,60,12,'Mujtaba Qasim',NULL,NULL,'Bahadur Khan','','','0304-3871911','',2147483647,'','0343-9770065','Male','1537183103','2018-09-17','','',''),
('ARTT-23','',NULL,60,23,'Hamza',NULL,NULL,'Saleem','','','','',0,'','','Male','1537599949','0000-00-00','                                               ','asdasd a dasd ','Freeze'),
('ARTT-24','89732',NULL,60,24,'Syed Talha Mazhar',NULL,NULL,'Syed Mazhar Aki','','4210110004405','0300-2355358','',2147483647,'','0333-4891205','Male','1537598836','2018-09-22',NULL,'','UnFreeze'),
('ARTT-25','86240',NULL,60,25,'Syed Muhammad Huziafa',NULL,NULL,'Syed Abdul Sami','','4200027305211','0324-2607583','',2147483647,'','0307-5391373','Male','1537605675','2018-09-22',NULL,'','UnFreeze'),
('ARTT-26','102930',NULL,60,26,'Muhammad Saad',NULL,NULL,'Muhammad','','','0321-2045131','',2147483647,'','0333-3470417','Male','1537765106','2018-09-24',NULL,'','UnFreeze'),
('ARTT-27','103745',NULL,60,27,'Muhammad Inshal',NULL,NULL,'Muhammad Ikram','','','0346-2893009','',2147483647,'','0317-2011886','Male','1537771212','2018-09-23',NULL,'','UnFreeze'),
('ARTT-28','95109',NULL,60,28,'Syeda Linta Azeem',NULL,NULL,'Syed Azeem Ahsan','','4210151208563','0320-2087443','',2147483647,'','0306-2461625','Female','1537771737','2018-09-24',NULL,'','UnFreeze'),
('ARTT-29','94628',NULL,60,29,'Babar Safdar ',NULL,NULL,'Safdar Hafeez','','','0344-2170001','',0,'','0342-2386784','Male','1537771893','2018-09-24',NULL,'','UnFreeze'),
('ARTT-30','99920',NULL,60,30,'Muhammad Bazil hamza Khan',NULL,NULL,'Muhammad Naeem Farooq Khan','','','0336-8946674','',2147483647,'','0333-3583905','Male','1537772085','2018-09-24',NULL,'Fareez Sep 18','Freeze'),
('ARTT-31','102057',NULL,60,31,'Muhammad Arsalan Khan',NULL,NULL,'Muhammad Ibrahim Dummar','','','0309-4126889','5440098545523',2147483647,'','0341-8075658','Male','1537775207','2018-09-24','                                               ','','UnFreeze'),
('ARTT-32','86208',NULL,60,32,'Muhammad Sohaib',NULL,NULL,'Riaz Parvaiz','','','0333-7063781','',2147483647,'','0336-8457972','Male','1537851878','2018-09-24',NULL,'','UnFreeze'),
('ARTT-33','101969',NULL,60,33,'Usama Tayyab',NULL,NULL,'Toheed Ahmed','','','0333-7131517','',2147483647,'','0333-1262257','Male','1537852040','2018-09-24',NULL,'','UnFreeze'),
('ARTT-34','97124',NULL,60,34,'Muhammad Mobashir Muneer',NULL,NULL,'Muhammad Muneer','','','0312-3845950','',2147483647,'','0315-2730975','Male','1537852180','2018-09-24',NULL,'','UnFreeze'),
('ARTT-35','75876',NULL,60,35,'Muhammad Murtaza Bughio',NULL,NULL,'Aslam Pervaiz','','','0333-2254664','',2147483647,'','0333-2442712','Male','1537852572','2018-09-24',NULL,'','UnFreeze'),
('ARTT-36','94669',NULL,60,36,'Abdul Basit',NULL,NULL,'Jawaid Ahmed Shaikh','','','0334-2092864','',2147483647,'','0306-3514803','Male','1537852687','2018-09-24',NULL,'','UnFreeze'),
('ARTT-37','91417',NULL,60,37,'Shajia Shafi',NULL,NULL,'Asad Ullah Shafi','','','0335-3686873','',0,'','0335-1226825','Female','1537862462','0000-00-00','                                               ','','UnFreeze'),
('ARTT-38','97445',NULL,60,38,'Abdullah Siddiqui',NULL,NULL,'Arif Uddin Siddiqui','','','0300-2122870','',2147483647,'','0304-2181573','Male','1537852909','2018-09-24',NULL,'','UnFreeze'),
('ARTT-39','86034',NULL,60,39,'Hassan ahmed',NULL,NULL,'Sagheer Ahmed','','','0342-2378105','',0,'','0301-2412104','Male','1537853002','2018-09-25',NULL,'','UnFreeze'),
('ARTT-40','97402',NULL,60,40,'Afnan',NULL,NULL,'Hazqueel','','','0321-2615290','',2147483647,'','0323-2860597','Male','1537853217','2018-09-24',NULL,'','UnFreeze'),
('ARTT-41','81642',NULL,60,41,'M/.Ahmed Ali',NULL,NULL,'Zahoor Muhammad','','','0312-2267001','',2147483647,'','0312-2308272','Male','1537853322','2018-09-24',NULL,'','UnFreeze'),
('ARTT-42','95702',NULL,60,42,'Mustafa Ahmed',NULL,NULL,'Muhammd Zubair','','','0321-2411992','',0,'','0333-3207317','Male','1537853386','2018-09-24',NULL,'','UnFreeze'),
('ARTT-43','85838',NULL,60,43,'Abbad Hussain',NULL,NULL,'Muhammad Hussain','','','','',2147483647,'','0301-5248910','Male','1537853454','2018-09-24',NULL,'','UnFreeze'),
('ARTT-44','94632',NULL,60,44,'Wajiha Wahid',NULL,NULL,'M.Shoaib Siddiqui','','','0323-4888837','',2147483647,'','0321-3405567','Male','1537853529','0000-00-00',NULL,'','UnFreeze'),
('ARTT-45','91742',NULL,60,45,'Syed Ali babar Shah Naqvi',NULL,NULL,'Amer Mehdi','','','0302-8248358','',2147483647,'','0300-8248358','Male','1537853889','2018-09-24',NULL,'','UnFreeze'),
('ARTT-46','99777',NULL,60,46,'Daniyal Asif',NULL,NULL,'Asif','','','0300-2135152','',2147483647,'','0305-2602876','Male','1537853971','2018-09-24',NULL,'','UnFreeze'),
('ARTT-47','99737',NULL,60,47,'Muhammad Usman',NULL,NULL,'Shakeel Ahmed','','','0341-0277280','',2147483647,'','0323-2505121','Male','1537854046','2018-09-24',NULL,'','UnFreeze'),
('ARTT-48','99741',NULL,60,48,'M.Sabeeh',NULL,NULL,'M.Asif','','','0322-2281002','',2147483647,'','0307-2297459','Male','1537854128','2018-09-24',NULL,'','UnFreeze'),
('ARTT-49','99848',NULL,60,49,'Omama Wasim Ilyas',NULL,NULL,'Muhammad Wasim Ilyas','','','0301-8295959','',0,'','0301-8230404','Female','1537860579','2018-09-25','                                               ','','UnFreeze'),
('ARTT-50','97976',NULL,60,50,'Beebow Baloch',NULL,NULL,'Abdul Ghaffar','','','0305-8455647','',0,'','0311-2151009','Female','1537875479','2018-09-25',NULL,'','UnFreeze'),
('ARTT-51','102009',NULL,60,51,'Ritesh Kumar',NULL,NULL,'Lachman Das','','','0300-3415675','',2147483647,'','0335-3135610','Male','1537875585','2018-09-25',NULL,'','UnFreeze'),
('ARTT-52','102885',NULL,60,52,'Usama Shaikh',NULL,NULL,'Tariq Aziz Shaikh','','','0301-3673664','',2147483647,'','0305-3203048','Male','1537875696','2018-09-25',NULL,'','UnFreeze'),
('ARTT-53','103839',NULL,60,53,'Muhammad Furqan',NULL,NULL,'Muhammad Saleem','','','0345-2502065','',2147483647,'','0348-2781450','Male','1537875814','2018-09-25',NULL,'','UnFreeze'),
('ARTT-54','92643',NULL,60,54,'Hamza hanif',NULL,NULL,'Muhammad Hanif','','','0333-3896557','',2147483647,'','0308-2806103','Male','1537881575','2018-09-25',NULL,'','UnFreeze'),
('ARTT-55','94129',NULL,60,55,'Mahtab',NULL,NULL,'Megram Hussain','','','0311-1263696','',2147483647,'','0344-3131865','Female','1537936455','2018-09-25',NULL,'','UnFreeze'),
('ARTT-57','103874',NULL,60,57,'Muhammad Muzamil',NULL,NULL,'Ahmed Ali Shaikh','','','0333-7531843','',2147483647,'','0312-20346808','Male','1537957534','2018-09-26','                                               ','','UnFreeze'),
('ARTT-58','505',NULL,61,58,'Hamza',NULL,NULL,'Rafiullah shah','sdasdasd@gmail.com','4210151208563','0333-7531843','Banker',2147483647,'admin@artt.com','0321-2321089','Male','1537953601','2018-09-26',NULL,'','UnFreeze'),
('ARTT-59','95640',NULL,60,59,'Talha Ehsan',NULL,NULL,'Badrus salam','','','0321-2045013','',2147483647,'','0315-2134219','Male','1537954846','2018-09-26',NULL,'','UnFreeze'),
('ARTT-60','94859',NULL,60,60,'Asila Arif',NULL,NULL,'Arif Mehmood','','','0345-2838547','',2147483647,'','0322-2016453','Female','1537964638','2018-09-26',NULL,'','UnFreeze'),
('ARTT-61','101356',NULL,60,61,'Anusha Iqbal',NULL,NULL,'Muhammad Iqbal Mazhar','','','0314-2102414','',0,'','0312-2702014','Female','1537964743','0000-00-00',NULL,'','UnFreeze'),
('ARTT-62','97443',NULL,60,62,'Muhammad Kibria Sudais',NULL,NULL,'Muhammad Ghulam Fareed','','','0300-3335538','',2147483647,'','0306-0290778','Male','1538022673','2018-09-26',NULL,'','UnFreeze'),
('ARTT-63','89600',NULL,60,63,'Syed Ali Tariq',NULL,NULL,'Tariq Shafqat','','','0323-2322321','',2147483647,'','0333-2173264','Male','1538022794','2018-09-26',NULL,'','UnFreeze'),
('ARTT-64','98308',NULL,60,64,'Bilal Asif',NULL,NULL,'Muhammad Asif','','','0324-2084234','',0,'','0313-0274082','Male','1538022918','2018-09-26',NULL,'','UnFreeze'),
('ARTT-65','95462',NULL,60,65,'Muhammad Saad',NULL,NULL,'Muhammad Arif','','','0333-2396101','',2147483647,'','0336-9200089','Male','1538023052','2018-09-26',NULL,'','UnFreeze'),
('ARTT-66','99845',NULL,60,66,'Arsal Kamal',NULL,NULL,'Kamal Ayub','','','0321-2784613','',2147483647,'','0333-2237451','Male','1538023116','2018-09-27',NULL,'','UnFreeze'),
('ARTT-67','91786',NULL,60,67,'Aarij Hussain',NULL,NULL,'Muhammad Shahid','','','0301-8209840','',0,'','0315-2005929','Male','1539757670','2018-10-17',NULL,'','UnFreeze'),
('ARTT-68','102323',NULL,60,68,'Abdul Ahad',NULL,NULL,'Abdul Hamid','','','0345-3135245','',0,'','0300-2574946','Male','1539759286','2018-10-17',' ','','UnFreeze'),
('ARTT-69','103837',NULL,60,69,'Abdul Basit',NULL,NULL,'Safdar Mehmood','','','0300-2028481','',0,'','0312-5957815','Male','1539759711','2018-10-17',NULL,'','UnFreeze'),
('ARTT-70','99088',NULL,60,70,'Abdul Ghaffar',NULL,NULL,'Nisar Ahmed','','','0345-2111971','',0,'','0306-9019273','Male','1539760297','2018-10-17',NULL,'','UnFreeze'),
('ARTT-71','101731',NULL,60,71,'Abdul Hadi',NULL,NULL,'Muhammad Irfan','','','0300-2331535','',0,'','0334-3885299','Male','1539760471','2018-10-17',NULL,'','UnFreeze'),
('ARTT-72','85904',NULL,60,72,'Abdul Hannan',NULL,NULL,'Muhammad Hussain','','','0332-3582126','',0,'','0336-3793626','Male','1539760676','2018-10-17',NULL,'','UnFreeze'),
('ARTT-73','102759',NULL,60,73,'Abdul Haseeb',NULL,NULL,'M.Ibrahim','','','0317-1241368','',0,'','0316-1104662','Male','1539761642','2018-10-17',NULL,'','UnFreeze'),
('ARTT-74','98495',NULL,60,74,'Abdul Haseeb',NULL,NULL,'Muhammad Hussain','','','','0302-2761663',0,'','0322-2651970','Male','1539761813','2018-10-17',NULL,'','UnFreeze'),
('ARTT-75','94141',NULL,60,75,'Abdul Haseeb',NULL,NULL,'Sajjad','','','0335-0326729','',0,'','0313-6220629','Male','1539761974','2018-10-17',NULL,'','UnFreeze'),
('ARTT-76','97090',NULL,60,76,'Abdul Latif',NULL,NULL,'Abdul Aziz','','','0300-3557443','',0,'','0348-1087987','Male','1539762208','2018-10-17',NULL,'','UnFreeze'),
('ARTT-77','100863',NULL,60,77,'Abdul Malik',NULL,NULL,'Amir Muhammad','','','0313-8944101','',0,'','0313-8944101','Male','1539762391','2018-10-10',NULL,'','UnFreeze'),
('ARTT-78','102609',NULL,60,78,'Abdul Moiz',NULL,NULL,'Mansoor Yousuf','','','0313-2698574','',0,'','0336-2554174','Male','1539762538','2018-10-17',NULL,'','UnFreeze'),
('ARTT-79','97138',NULL,60,79,'Abdul Rafiu',NULL,NULL,'Faheem Uddin','','','0344-1036274','',0,'','0317-0377753','Male','1539762673','2018-10-17',NULL,'','UnFreeze'),
('ARTT-80','97360',NULL,60,80,'Abdul Razzaq',NULL,NULL,'Muhammad Iqbal','','','0336-2643191','',0,'','0315-2901399','Male','1539762788','2018-10-17',NULL,'','UnFreeze'),
('ARTT-81','91675',NULL,60,81,'Abdul Samad',NULL,NULL,'Nasrullah','','','0332-2933843','',0,'','0333-7179662','Male','1539762918','2018-10-17',NULL,'','UnFreeze'),
('ARTT-82','99527',NULL,60,82,'Abdullah',NULL,NULL,'Abdul Mateen','','','0335-1445522','',0,'','0335-1445522','Male','1539763106','2018-10-17',NULL,'','UnFreeze'),
('ARTT-83','99077',NULL,60,83,'Abdullah',NULL,NULL,'Muhammad Alam','','','0300-2205552','',0,'','0336-3456867','Male','1539763247','2018-10-17',NULL,'','UnFreeze'),
('ARTT-84','104045',NULL,60,84,'Abdullah',NULL,NULL,'Muhammad Nadeem','','','0323-3123400','',0,'','0306-6164141','Male','1539763435','2018-10-17',NULL,'','UnFreeze'),
('ARTT-85','96338',NULL,60,85,'Abdullah Bin Rashid',NULL,NULL,'Rashid Mujeeb','','','0335-2491653','',0,'','0335-2491653','Male','1539763618','2018-10-17',NULL,'','UnFreeze'),
('ARTT-86','86705',NULL,60,86,'Abdullah Jilani',NULL,NULL,'Haroon Jilani','','','0300-9296015','',0,'','0331-3385673','Male','1539763737','2018-10-17',NULL,'','UnFreeze'),
('ARTT-88','101212',NULL,60,88,'Abdullah Khan',NULL,NULL,'Moin Uddin Khan','','','0315-2192987','',0,'','0335-2842025','Male','1539763992','2018-10-17',NULL,'','UnFreeze'),
('ARTT-89','99142',NULL,60,89,'Adeel Shakil',NULL,NULL,'Shakil Omer','','','0324-3006749','',0,'','0331-3006749','Male','1539765417','2018-10-17',NULL,'','UnFreeze'),
('ARTT-90','102345',NULL,60,90,'Adnan Iqbal',NULL,NULL,'M.Iqbal','','','0322-8214550','',0,'','0333-8347896','Male','1539765511','2018-10-17',NULL,'','UnFreeze'),
('ARTT-91','104346',NULL,60,91,'Aetesam Khan',NULL,NULL,'Ausama Rahim Khan','','','0334-3889130','',0,'','0334-2748384','Male','1539765809','2018-10-17',NULL,'','UnFreeze'),
('ARTT-92','97065',NULL,60,92,'Afifa Sultan',NULL,NULL,'Khalid Sultan','','','0308-2440983','',0,'','0336-2111675','Male','1539766160','2018-10-17',NULL,'','UnFreeze'),
('ARTT-93','97972',NULL,60,93,'Afnan Riaz',NULL,NULL,'Riaz Ahmed','','','0317-2634495','',0,'','0337-8048340','Male','1539766991','2018-10-17',NULL,'','UnFreeze'),
('ARTT-94','104436',NULL,60,94,'Afrah Ashraf',NULL,NULL,'Syed Muhammad Ashraf','','','0300-2709246','',0,'','0340-0853613','Male','1539767280','2018-10-17',NULL,'','UnFreeze'),
('ARTT-95','94992',NULL,60,95,'Agha Haris',NULL,NULL,'Bahadur Ali','','','0331-2446831','',0,'','0331-2446831','Male','1539767490','2018-10-17',NULL,'','UnFreeze'),
('ARTT-96','88501',NULL,60,96,'Agha Noor',NULL,NULL,'Hidayat Bux','','','0333-7335010','',0,'','0305-3173399','Male','1539768009','2018-10-17',NULL,'','UnFreeze'),
('ARTT-97','86016',NULL,60,97,'Ahad Arsalan',NULL,NULL,'M.Ajmal','','','0345-6169681','',0,'','0345-6169681','Male','1539768175','2018-10-17',NULL,'','UnFreeze'),
('ARTT-98','103763',NULL,60,98,'Ahmed Ali Kamaruddin',NULL,NULL,'Karim','','','0332-2403681','',0,'','0335-2394243','Male','1539768297','2018-10-17',NULL,'','UnFreeze'),
('ARTT-99','98309',NULL,60,99,'Ahmed Ali Laghari',NULL,NULL,'Gulzar Ali Lghari','','','0300-3069211','',0,'','0315-3339800','Male','1539768417','2018-10-17',NULL,'','UnFreeze'),
('ARTT-101','92189',NULL,60,101,'Ahsan',NULL,NULL,'Jamil Ahmed','','','0336-2326151','',0,'','0302-2818213','Male','1539768914','2018-10-17',NULL,'','UnFreeze'),
('ARTT-102','97577',NULL,60,102,'Ahsan Asad',NULL,NULL,'Asad Ullah Shaikh','','','335-2731240','',0,'','0313-8433843','Male','1539769957','2018-10-17',NULL,'','UnFreeze'),
('ARTT-103','101472',NULL,60,103,'Ahsan Jawed',NULL,NULL,'Jawed Abdul Sattar','','','','0300-2167811',0,'','0343-2251578','Male','1539770337','2018-10-17',NULL,'','UnFreeze'),
('ARTT-104','97580',NULL,60,104,'Ahsan Mukhtiar Shaikh',NULL,NULL,'Mukhtiar Ahmed','','','0300-2124482','',0,'','0300-2166762','Male','1539770462','2018-10-17',NULL,'','UnFreeze'),
('ARTT-105','92825',NULL,60,105,'Aimen Baqai',NULL,NULL,'Adnan Aziz Baqai','','','0333-3929196','',0,'','0335-2119983','Male','1539773575','2018-10-17',NULL,'','UnFreeze'),
('ARTT-106','99841',NULL,60,106,'',NULL,NULL,'Momin Khan','','','0334-1022888','',0,'','0336-1840899','Male','1539773703','2018-10-17',NULL,'','UnFreeze'),
('ARTT-107','96628',NULL,60,107,'',NULL,NULL,'Liaqat Ali Khan','','','0333-9221604','',0,'','0333-3734209','Male','1539773888','2018-10-17',NULL,'','UnFreeze'),
('ARTT-108','104493',NULL,60,108,'Aisha Aftab',NULL,NULL,'Aftab Uddin','','','0342-1126835','',0,'','0342-1126835','Male','1539774029','2018-10-17',NULL,'','UnFreeze'),
('ARTT-109','95672',NULL,60,109,'Aisha Khalid',NULL,NULL,'Khalid Naeem','','','0321-2621750','',0,'','0331-2606694','Male','1539774159','2018-10-17',NULL,'','UnFreeze'),
('ARTT-110','87730',NULL,60,110,'Akash Kumar',NULL,NULL,'Baboo Lal','','','0348-1818781','',0,'','0336-3650514','Male','1539774332','2018-10-17',NULL,'','UnFreeze'),
('ARTT-111','',NULL,60,111,'Akshay',NULL,NULL,'Ashok Kumar','','','0334-3766804','',0,'','0334-3238221','Male','1539774448','2018-10-17',NULL,'','UnFreeze'),
('ARTT-112','102800',NULL,60,112,'Ali Anwar',NULL,NULL,'Nawab Khan Tunio','','','0300-3413524','',0,'','0305-3273242','Male','1539774588','2018-10-17',NULL,'','UnFreeze'),
('ARTT-113','99259',NULL,60,113,'Ali Ashraf',NULL,NULL,'Muhammad Ashraf Alam','','','0332-3019470','',0,'','0304-0538212','Male','1539774734','2018-10-17',NULL,'','UnFreeze'),
('ARTT-114','95185',NULL,60,114,'Ali Haider',NULL,NULL,'Mehboob Ali Lilani','','','0333-2358751','',0,'','0331-3097725','Male','1539775120','2018-10-17',NULL,'','UnFreeze'),
('ARTT-115','95842',NULL,60,115,'Aqif Yousuf',NULL,NULL,'Muhammad Yousuf','','','0333-2281100','',0,'','0333-2281100','Male','1539775281','2018-10-17',NULL,'','UnFreeze'),
('ARTT-116','94659',NULL,60,116,'Ali Hasnain Baloch',NULL,NULL,'Zulfiqar Ali Baloch','','','0335-2589333','',0,'','0309-3000400','Male','1539776320','2018-10-17',NULL,'','UnFreeze'),
('ARTT-117','103832',NULL,60,117,'Ali Hassan',NULL,NULL,'Sikander Ali','','','0332-2563245','',0,'','0335-0233374','Male','1539776544','2018-10-17',NULL,'','UnFreeze'),
('ARTT-119','94128',NULL,60,119,'Ali Raza Sayani',NULL,NULL,'Mehboob Ali Sayani','','','0343-3468537','',0,'','0335-1323065','Male','1539777532','2018-10-17',NULL,'','UnFreeze'),
('ARTT-120','94352',NULL,60,120,'Ali Rehman',NULL,NULL,'Jan Muhammad','','','0347-2950033','',0,'','0312-9877553','Male','1539777643','2018-10-17',NULL,'','UnFreeze'),
('ARTT-121','103757',NULL,60,121,'Ali Shan',NULL,NULL,'M.Latif','','','0346-1244559','',0,'','0300-4713765','Male','1539778069','2018-10-17',NULL,'','UnFreeze'),
('ARTT-122','99842',NULL,60,122,'Ameer Hamza',NULL,NULL,'Inayatullah','','','0332-8261501','',0,'','0333-3442529','Male','1539778174','2018-10-17',NULL,'','UnFreeze'),
('ARTT-123','82743',NULL,60,123,'Amelia Therese Wilson',NULL,NULL,'Maria Wilson','','','0333-3150653','',0,'','0334-3007548','Male','1539778650','2018-10-17',NULL,'','UnFreeze'),
('ARTT-124','99495',NULL,60,124,'Ammar Waqi',NULL,NULL,'Bukhtawar Waqi','','','0300-2904379','',0,'','0302-2104379','Male','1539778827','2018-10-17',NULL,'','UnFreeze'),
('ARTT-125','99896',NULL,60,125,'Anam Abbas',NULL,NULL,'Abbas ','','','0301-3343146','',0,'','0311-1030698','Male','1539778939','2018-10-17',NULL,'','UnFreeze'),
('ARTT-126','99087',NULL,60,126,'Anber Hussain',NULL,NULL,'Shabbir Hussain','','','0331-3936915','',0,'','0311-5808265','Male','1539779148','2018-10-17',NULL,'','UnFreeze'),
('ARTT-127','101222',NULL,60,127,'Anfal Hassan',NULL,NULL,'Ishtiaq Ahmed','','','0333-3168760','',0,'','0333-2167883','Male','1539779294','2018-10-17',NULL,'','UnFreeze'),
('ARTT-128','81125',NULL,60,128,'Ans Azhar',NULL,NULL,'Azhar Iqbal','','','0333-5142294','',0,'','0332-3521528','Male','1539779478','2018-10-17',NULL,'','UnFreeze'),
('ARTT-129','99434',NULL,60,129,'Ansa Perveen',NULL,NULL,'Mohammad Anis','','','0347-2745347','',0,'','0342-1220032','Male','1539779807','2018-10-17',NULL,'','UnFreeze'),
('ARTT-130','86292',NULL,60,130,'Ansar Abdul Rehman',NULL,NULL,'Abdul Naeem','','','0300-6721500','',0,'','0307-7929998','Male','1539780495','2018-10-17',NULL,'','UnFreeze'),
('ARTT-131','102016',NULL,60,131,'Anusha Ladhani',NULL,NULL,'Amin Ladhani','','','0314-2102414','',0,'','0335-8113687','Male','1539780647','2018-10-17',NULL,'','UnFreeze'),
('ARTT-132','99328',NULL,60,132,'Aqsa',NULL,NULL,'Muhammad Qasim','','','0340-0106649','',0,'','0344-6145895','Male','1539781012','2018-10-17',NULL,'','UnFreeze'),
('ARTT-133','104490',NULL,60,133,'Areeba Mehmood',NULL,NULL,'Mehmood Ahmed','','','0336-6512046','',0,'','0332-2389264','Male','1539781909','2018-10-17',NULL,'','UnFreeze'),
('ARTT-134','98547',NULL,60,134,'Areej Naveed',NULL,NULL,'Naveed Ahmed','','','0333-2405119','',0,'','0333-2405119','Male','1539782109','2018-10-17',NULL,'','UnFreeze'),
('ARTT-135','93637',NULL,60,135,'Arfa Ali',NULL,NULL,'Muhammad Asghar','','','0305-5833401','',0,'','0301-2035609','Male','1539782291','2018-10-17',NULL,'','UnFreeze'),
('ARTT-136','101994',NULL,60,136,'Arham Aftab',NULL,NULL,'Aftab Javed','','','0333-3168765','',0,'','0331-3168765','Male','1539782384','2018-10-17',NULL,'','UnFreeze'),
('ARTT-137','85468',NULL,60,137,'Arham Latif',NULL,NULL,'Syed Muhammad Latif','','','0336-2621601','',0,'','0344-2945561','Male','1539782473','2018-10-17',NULL,'','UnFreeze'),
('ARTT-138','98577',NULL,60,138,'Aroosa Naeem Khan',NULL,NULL,'M.Naeem Khan','','','0345-2444628','',0,'','0323-8232031','Male','1539782572','2018-10-17',NULL,'','UnFreeze'),
('ARTT-139','94254',NULL,60,139,'Arsalan ',NULL,NULL,'Muhammad Ilyas','','','0305-2691503','',0,'','0305-3374361','Male','1539782754','2018-10-17',NULL,'','UnFreeze'),
('ARTT-140','94256',NULL,60,140,'Arsalan Ali Abbasi',NULL,NULL,'Nisar Ahmed','','','0332-2231450','',0,'','0332-8063065','Male','1539782882','2018-10-17',NULL,'','UnFreeze'),
('ARTT-141','103838',NULL,60,141,'Arsalan Siddiqui',NULL,NULL,'Aslam Siddiqui','','','0312-2166260','',0,'','0304-2507492','Male','1539783000','2018-10-17',NULL,'','UnFreeze'),
('ARTT-142','97960',NULL,60,142,'Asad Ali',NULL,NULL,'Akram Ali','','','0345-3798942','',0,'','0314-8064506','Male','1539783149','2018-10-17',NULL,'','UnFreeze'),
('ARTT-143','104036',NULL,60,143,'Asad Ali',NULL,NULL,'Ghulam Ali','','','0300-2232604','',0,'','0307-2693302','Male','1539783290','2018-10-17',NULL,'','UnFreeze'),
('ARTT-144','94150',NULL,60,144,'Asad Imam',NULL,NULL,'Muhamamd Asghar Imam','','','0321-2527110','',0,'','0305-2691227','Male','1539783430','2018-10-17',NULL,'','UnFreeze'),
('ARTT-145','102766',NULL,60,145,'Asim saleem',NULL,NULL,'Saleem Akhtar','','','0300-3291442','',0,'','0303-3173326','Male','1539783579','2018-10-17',NULL,'','UnFreeze'),
('ARTT-146','99494',NULL,60,146,'Asma Soomro',NULL,NULL,'Ghulam Murtaza','','','0323-3288411','',0,'','0304-0249886','Male','1539783691','2018-10-17',NULL,'','UnFreeze'),
('ARTT-147','105631',NULL,60,147,'Ayesha Ahmed',NULL,NULL,'Muneer Ahmed','','','0300-2084828','',0,'','0331-1320322','Male','1539783838','2018-10-17',NULL,'','UnFreeze'),
('ARTT-148','100664',NULL,60,148,'Ayesha Niaz',NULL,NULL,'Niaz Ahmed Khan','','','0343-3434591','',0,'','0349-2045938','Male','1539783944','2018-10-17',NULL,'','UnFreeze'),
('ARTT-149','95731',NULL,60,149,'Azaan Ali',NULL,NULL,'Amjad Ali','','','0336-1254807','',0,'','0333-2492773','Male','1539784066','2018-10-17',NULL,'','UnFreeze'),
('ARTT-150','91856',NULL,60,150,'Babar',NULL,NULL,'Asif','','','0312-2259591','',0,'','0317-8949134','Male','1539784215','2018-10-17',NULL,'','UnFreeze'),
('ARTT-151','100451',NULL,60,151,'Bisma Imran',NULL,NULL,'Muhammad Imran Zia','','','0334-3219188','',0,'','0343-2457711','Male','1539784518','2018-10-17',NULL,'','UnFreeze'),
('ARTT-152','99689',NULL,60,152,'Bisma Saleem Khan',NULL,NULL,'Saleem Qadeer Khan','','','0331-2812072','',0,'','0332-8048167','Male','1539784630','2018-10-17',NULL,'','UnFreeze'),
('ARTT-153','101913',NULL,60,153,'Bismah Siddiuqi',NULL,NULL,'Shahzad Saleem','','','0333-3093984','',0,'','0335-3998523','Male','1539784747','2018-10-17',NULL,'','UnFreeze'),
('ARTT-154','102887',NULL,60,154,'Burhanuddin',NULL,NULL,'Mustansir','','','0333-3393351','',0,'','0312-9383452','Male','1539784868','2018-10-17',NULL,'','UnFreeze'),
('ARTT-155','101695',NULL,60,155,'Burhanuddin Aamir',NULL,NULL,'Aamir Saifuddin','','','0333-3690854','',0,'','0333-3648302','Male','1539785198','2018-10-17',NULL,'','UnFreeze'),
('ARTT-156','105368',NULL,60,156,'Bushra Jabbar',NULL,NULL,'Abdul Jabbar','','','0309-6202621','',0,'','0309-6202621','Male','1539785340','2018-10-17',NULL,'','UnFreeze'),
('ARTT-157','104033',NULL,60,157,'Bushra Khan',NULL,NULL,'Riasat Khan','','','0349-0222146','',0,'','0324-8270727','Male','1539785462','2018-10-17',NULL,'','UnFreeze'),
('ARTT-158','101439',NULL,60,158,'Celeste Nixon',NULL,NULL,'Jennifer John','','','0300-2595559','',0,'','0334-1236264','Male','1539785591','2018-10-17',NULL,'','UnFreeze'),
('ARTT-159','103312',NULL,60,159,'Chander Lal',NULL,NULL,'Gihman Dass','','','0335-2575830','',0,'','0315-6196518','Male','1539785726','2018-10-17',NULL,'','UnFreeze'),
('ARTT-160','97661',NULL,60,160,'Cheryal Ashar',NULL,NULL,'Ashar Awaiz','','','0331-8350654','',0,'','0346-2436897','Male','1539785850','2018-10-17',NULL,'','UnFreeze'),
('ARTT-161','63038',NULL,60,161,'Daman Khan',NULL,NULL,'Faheem Uddin Khan','','','0333-2626310','',0,'','0333-2626310','Male','1539785948','2018-10-17',NULL,'','UnFreeze'),
('ARTT-163','101797',NULL,60,163,'Danyal Yaseen',NULL,NULL,'M.Yaseen','','','0300-3307373','',0,'','0310-3537253','Male','1539786200','2018-10-17',NULL,'','UnFreeze'),
('ARTT-164','104714',NULL,60,164,'Dawar Ejaz',NULL,NULL,'Ejaz Ur Rehman','','','0311-1216675','',0,'','0311-1216675','Male','1539786315','2018-10-17',NULL,'','UnFreeze'),
('ARTT-165','97063',NULL,60,165,'Deena Arshad',NULL,NULL,'Arshad Naseer Siddiqui','','','0322-2450254','',0,'','0331-2999923','Male','1539786429','2018-10-17',NULL,'','UnFreeze'),
('ARTT-166','91802',NULL,60,166,'Ebad Rashid',NULL,NULL,'Rashid Akhtar','','','0323-2459308','',0,'','0313-0233802','Male','1539786530','2018-10-17',NULL,'','UnFreeze'),
('ARTT-167','85339',NULL,60,167,'Erum Zafar',NULL,NULL,'Shaheen Akhtar','','','0321-2175591','',0,'','0333-3846821','Male','1539786637','2018-10-17',NULL,'','UnFreeze'),
('ARTT-168','101923',NULL,60,168,'Fabiha Sharif',NULL,NULL,'Muhammad Sharif','','','0346-2154569','',0,'','0346-2154569','Male','1539786742','2018-10-17',NULL,'','UnFreeze'),
('ARTT-169','103478',NULL,60,169,'Fahad Ali',NULL,NULL,'Riaz Ali','','','0333-3591268','',0,'','0310-8109224','Male','1539786820','2018-10-17',NULL,'','UnFreeze'),
('ARTT-170','80708',NULL,60,170,'Fahad Amjad',NULL,NULL,'Amjad Gulzar','','','0321-2635245','',0,'','0342-8030270','Male','1539786919','2018-10-17',NULL,'','UnFreeze'),
('ARTT-171','105499',NULL,60,171,'Fahad Mansoor',NULL,NULL,'Mansoor Qayyum','','','0332-2995156','',0,'','0332-2995156','Male','1539787051','2018-10-17',NULL,'','UnFreeze'),
('ARTT-172','100988',NULL,60,172,'Fahd',NULL,NULL,'Pyar Ali','','','0341-8205885','',0,'','0344-1125080','Male','1539787153','2018-10-17',NULL,'','UnFreeze'),
('ARTT-173','100663',NULL,60,173,'Fahim Raza',NULL,NULL,'Abdul Shakoor','','','0322-2677239','',0,'','0312-8895923','Male','1539787282','2018-10-17',NULL,'','UnFreeze'),
('ARTT-174','98347',NULL,60,174,'Faisal Ahmed',NULL,NULL,'Shafique Ahmed','','','0336-3214568','',0,'','0315-3334680','Male','1539787385','2018-10-17',NULL,'','UnFreeze'),
('ARTT-175','94127',NULL,60,175,'Faisal Ali ',NULL,NULL,'Rustam Ali','','','0347-4910635','',0,'','0343-2813815','Male','1539787465','2018-10-17',NULL,'','UnFreeze'),
('ARTT-176','90357',NULL,60,176,'Faiza Khalid Farooqi',NULL,NULL,'Khalid Saghir Farooqui','','','0332-2419295','',0,'','0344-3100099','Male','1539787588','2018-10-17',NULL,'','UnFreeze'),
('ARTT-177','97430',NULL,60,177,'Faizan Ali Khan',NULL,NULL,'Musawer Ali Khan','','','0343-2047553','',0,'','0322-2972392','Male','1539787690','2018-10-17',NULL,'','UnFreeze'),
('ARTT-178','103316',NULL,60,178,'Faizan Sami',NULL,NULL,'Muhammad Waseem Raza','','','0331-7545889','',0,'','0336-1856959','Male','1539787771','2018-10-17',NULL,'','UnFreeze'),
('ARTT-179','97390',NULL,60,179,'Falak Naeem',NULL,NULL,'Muhammad Naeem Siddiqui','','','0346-3116921','',0,'','0334-0270963','Male','1539787855','2018-10-17',NULL,'','UnFreeze'),
('ARTT-180','100816',NULL,60,180,'Faqeer Naseer Ahmed',NULL,NULL,'Nasheer Ahmed','','','0302-3286947','',0,'','0301-3807341','Male','1539787953','2018-10-17',NULL,'','UnFreeze'),
('ARTT-181','99869',NULL,60,181,'Farjad Ahmed Khan',NULL,NULL,'Shahid Ahmed Khan','','','0302-8266872','',0,'','0308-2676110','Male','1539788064','2018-10-17',NULL,'','UnFreeze'),
('ARTT-182','99541',NULL,60,182,'Fasih Ahmed',NULL,NULL,'Munir Ahmed','','','0312-7245823','',0,'','0335-220336','Male','1539788176','2018-10-17',NULL,'','UnFreeze'),
('ARTT-183','85917',NULL,60,183,'Fatima',NULL,NULL,'Muhammad Sohail','','','0324-2156721','',0,'','0321-2782690','Male','1539788321','0000-00-00',NULL,'','UnFreeze'),
('ARTT-184','102611',NULL,60,184,'Fatima',NULL,NULL,'Najama Begum','','','0333-3395062','',0,'','0306-2295464','Male','1539788811','2018-10-17',NULL,'','UnFreeze'),
('ARTT-185','105117',NULL,60,185,'Fatima Iqbal',NULL,NULL,'Iqbal Majeed','','','0344-3020857','',0,'','0331-3588239','Male','1539788901','2018-10-17',NULL,'','UnFreeze'),
('ARTT-186','94332',NULL,60,186,'Fatima Zehra',NULL,NULL,'Abdul Ghani','','','0304-0511489','',0,'','0304-0511489','Male','1539789107','2018-10-17',NULL,'','UnFreeze'),
('ARTT-187','99530',NULL,60,187,'Fayyaz Ahmed',NULL,NULL,'Rehmat Shah','','','0346-8115377','',0,'','0314-6914464','Male','1539789342','2018-10-17',NULL,'','UnFreeze'),
('ARTT-188','94335',NULL,60,188,'Fazal Hamza',NULL,NULL,'Fazal Subhan','','','0300-7086195','',0,'','0305-2151123','Male','1539789440','2018-10-17',NULL,'','UnFreeze'),
('ARTT-189','102632',NULL,60,189,'Fazz Uddin Qureshi',NULL,NULL,'Naim Uddin Qureshi','','','0314-2156908','',0,'','0332-3994653','Male','1539789561','2018-10-17',NULL,'','UnFreeze'),
('ARTT-190','99073',NULL,60,190,'Ghamama Khan',NULL,NULL,'M.Asif Khan','','','0333-2952454','',0,'','0332-9212626','Male','1539789668','2018-10-17',NULL,'','UnFreeze'),
('ARTT-191','81481',NULL,60,191,'Ghulam Akbar',NULL,NULL,'Ghulam Nabi','','','0300-3052087','',0,'','0308-3590339','Male','1539789776','2018-10-17',NULL,'','UnFreeze'),
('ARTT-192','105365',NULL,60,192,'Hafiz Ahsan Al',NULL,NULL,'Muneer Ahmed','','','0310-2753991','',0,'','0310-2753991','Male','1539789886','2018-10-17',NULL,'','UnFreeze'),
('ARTT-193','102022',NULL,60,193,'Hafiz Hamza Ibrahim',NULL,NULL,'Ibrahim Mansoor','','','0349-1955989','',0,'','0332-3715796','Male','1539790023','2018-10-17',NULL,'','UnFreeze'),
('ARTT-194','89686',NULL,60,194,'Hafiz Muhamamd Shahryar',NULL,NULL,'M.Siddiuqi','','','031-3972956','',0,'','0303-9080868','Male','1539790126','2018-10-17',NULL,'','UnFreeze'),
('ARTT-195','101717',NULL,60,195,'Hafiz Muhammad Anas',NULL,NULL,'Muhammad Imran','','','0321-2799613','',0,'','0321-8921048','Male','1539790334','2018-10-17',NULL,'','UnFreeze'),
('ARTT-197','94203',NULL,60,197,'Hafiz Muhammad Daniyal',NULL,NULL,'Salahuddin','','','0334-3270593','',0,'','0320-9282966','Male','1539843076','2018-10-18',NULL,'','UnFreeze'),
('ARTT-198','70524',NULL,60,198,'Hafiz Muhammad Junaid',NULL,NULL,'Zahid Junaid','','','0305-2147127','',0,'','0305-2147127','Male','1539843159','2018-10-18',NULL,'','UnFreeze'),
('ARTT-199','100665',NULL,60,199,'Hafiz Muhammad Umair Afzal',NULL,NULL,'Muhammad Afzal','','','0333-2051518','',0,'','0323-8235776','Male','1539843285','2018-10-18',NULL,'','UnFreeze'),
('ARTT-200','84781',NULL,60,200,'Hamza Ahmed',NULL,NULL,'Fareed Ahmed','','','0300-9782070','',0,'','0300-9782070','Male','1539843820','2018-10-18',NULL,'','UnFreeze'),
('ARTT-201','95850',NULL,60,201,'Hamza Ahmed',NULL,NULL,'Iftikahr Ahmed','','','0300-3468442','',0,'','0301-8228902','Male','1539843913','2018-10-18',NULL,'','UnFreeze'),
('ARTT-202','102322',NULL,60,202,'Hamza Hanif',NULL,NULL,'M.Hanif','','','0322-3382207','',0,'','0341-2687637','Male','1539844216','2018-10-18',NULL,'','UnFreeze'),
('ARTT-203','97096',NULL,60,203,'Hamza Iqbal',NULL,NULL,'Iqbal Hameed','','','0340-0253480','',0,'','0300-3484482','Male','1539845401','2018-10-18',NULL,'','UnFreeze'),
('ARTT-204','98340',NULL,60,204,'Hamza Mir',NULL,NULL,'Shahid Mir','','','0332-3262011','',0,'','0301-4504224','Male','1539845725','2018-10-18',NULL,'','UnFreeze'),
('ARTT-205','90658',NULL,60,205,'Hamza Rajput',NULL,NULL,'Saeed Ahmed','','','0310-3189488','',0,'','0310-3189488','Male','1539845853','2018-10-18',NULL,'','UnFreeze'),
('ARTT-206','96554',NULL,60,206,'Hamza Zamir Khan',NULL,NULL,'Azim Zamir','','','0333-2629058','',0,'','0334-3936261','Male','1539846301','2018-10-18',NULL,'','UnFreeze'),
('ARTT-207','101991',NULL,60,207,'Hamza Zulfiqar ',NULL,NULL,'Zulfiqar Ali','','','0344-2246797','',0,'','0340-2235878','Male','1539846408','2018-10-18',NULL,'','UnFreeze'),
('ARTT-208','104504',NULL,60,208,'Hana Hasnat',NULL,NULL,'Asif Hasnat','','','0335-2542943','',0,'','0335-2875588','Male','1539846511','2018-10-18',NULL,'','UnFreeze'),
('ARTT-209','99921',NULL,60,209,'Hanesh Kumar',NULL,NULL,'Ram Chand','','','0301-3806960','',0,'','0312-3832343','Male','1539846619','2018-10-18',NULL,'','UnFreeze'),
('ARTT-210','91454',NULL,60,210,'Harim Ahmed',NULL,NULL,'Iqbal Ahmed','','','0332-250668','',0,'','0334-1800889','Male','1539846705','2018-10-18',NULL,'','UnFreeze'),
('ARTT-211','95703',NULL,60,211,'Haris Ahmed',NULL,NULL,'Rais Ahmed','','','0336-8250367','',0,'','0300-9237488','Male','1539846811','2018-10-18',NULL,'','UnFreeze'),
('ARTT-212','94980',NULL,60,212,'Haris Farooq Memon',NULL,NULL,'Abdul Qudoos Memon','','','0313-2439544','',0,'','0306-2205804','Male','1539847063','2018-10-18',NULL,'','UnFreeze'),
('ARTT-213','95077',NULL,60,213,'Haseeb Abbas',NULL,NULL,'Ghulam Abbas','','','0343-2348716','',0,'','0320-8392190','Male','1539847140','2018-10-18',NULL,'','UnFreeze'),
('ARTT-214','101437',NULL,60,214,'Hassan Ahsan',NULL,NULL,'Ahsan Ul Haq','','','0307-2250134','',0,'','0300-2799654','Male','1539847386','2018-10-18',NULL,'','UnFreeze'),
('ARTT-215','96865',NULL,60,215,'Hassan Shafeeq',NULL,NULL,'Khalid Shafeeq','','','0300-3376117','',0,'','0300-3376117','Male','1539847480','2018-10-18',NULL,'','UnFreeze'),
('ARTT-216','99490',NULL,60,216,'Hina Bano',NULL,NULL,'Muhammad Sajid','','','0316-2864948','',0,'','0332-2315188','Male','1539847545','2018-10-18',NULL,'','UnFreeze'),
('ARTT-217','94648',NULL,60,217,'Hizar Hayat',NULL,NULL,'Gul Tazar Shah','','','0313-9146246','',0,'','0314-9168963','Male','1539847661','2018-10-18',NULL,'','UnFreeze'),
('ARTT-219','101980',NULL,60,219,'Hudaina Saeed',NULL,NULL,'Muhammad Sajid','','','0316-2864948','',0,'','0335-2682298','Male','1539847777','2018-10-18',NULL,'','UnFreeze'),
('ARTT-220','99644',NULL,60,220,'',NULL,NULL,'Shahid Ahmed','','','0345-2101656','',0,'','0332-7393647','Male','1539848137','2018-10-18',NULL,'','UnFreeze'),
('ARTT-221','99072',NULL,60,221,'Husnain Mirza',NULL,NULL,'Ather Mirza','','','0345-3413768','',0,'','0340-2841019','Male','1539848221','2018-10-18',NULL,'','UnFreeze'),
('ARTT-222','97215',NULL,60,222,'Hussan Sharief',NULL,NULL,'Imran Sharief','','','0321-9250084','',0,'','0300-2397984','Male','1539848295','2018-10-18',NULL,'','UnFreeze'),
('ARTT-223','97136',NULL,60,223,'Huzaifa Khattak',NULL,NULL,'Salah Uddin','','','0345-2113995','',0,'','0345-2113995','Male','1539848400','2018-10-18',NULL,'','UnFreeze'),
('ARTT-225','96458',NULL,60,225,'Idrak Uddin',NULL,NULL,'Furqan Uddin','','','0334-2433178','',0,'','0323-8227372','Male','1539848493','2018-10-18',NULL,'','UnFreeze'),
('ARTT-226','104434',NULL,60,226,'Idrees Ahmed Shaikh',NULL,NULL,'Muhammad Yasin Shaikh','','','0333-2202679','',0,'','0315-2560250','Male','1539848572','2018-10-18',NULL,'','UnFreeze'),
('ARTT-227','88948',NULL,60,227,'Iffat Fatima',NULL,NULL,'Khalid Mehmood','','','0342-8553376','',0,'','0322-2542709','Male','1539848688','2018-10-18',NULL,'','UnFreeze'),
('ARTT-228','85379',NULL,60,228,'Iftikhar Ahmed',NULL,NULL,'Fayaz Ahmed','','','0307-2181263','',0,'','0300-3803504','Male','1539848763','2018-10-18',NULL,'','UnFreeze'),
('ARTT-229','102005',NULL,60,229,'Inseya Abbas',NULL,NULL,'Qamar Abbas','','','0321-8723550','',0,'','0320-8897821','Male','1539848835','2018-10-18',NULL,'','UnFreeze'),
('ARTT-230','86275',NULL,60,230,'Insha Zaib',NULL,NULL,'Manzoor Ali','','','0346-4231912','',0,'','0337-0386738','Male','1539848962','2018-10-18',NULL,'','UnFreeze'),
('ARTT-231','99419',NULL,60,231,'Iqra Kanwal',NULL,NULL,'Arif Mehmood','','','0315-0203631','',0,'','0304-2837898','Male','1539849073','2018-10-18',NULL,'','UnFreeze'),
('ARTT-232','99061',NULL,60,232,'Iqra Maqsood ',NULL,NULL,'Maqsood alam','','','0313-2763853','',0,'','0340-2820524','Male','1539849164','2018-10-18',NULL,'','UnFreeze'),
('ARTT-233','89443',NULL,60,233,'Irfan Ullah',NULL,NULL,'Haji Abdul Mateen','','','0315-8454428','',0,'','0306-0280432','Male','1539849272','2018-10-18',NULL,'','UnFreeze'),
('ARTT-234','80854',NULL,60,234,'Jahangir Bijarani',NULL,NULL,'Altaf Ahmed','','','0345-3202654','',0,'','0345-3202654','Male','1539849360','2018-10-18',NULL,'','UnFreeze'),
('ARTT-235','99647',NULL,60,235,'Jatandar',NULL,NULL,'Narain Das','','','0336-3377194','',0,'','0336-3377194','Male','1539849442','2018-10-18',NULL,'','UnFreeze'),
('ARTT-236','97959',NULL,60,236,'Javeria Saqib',NULL,NULL,'M.Saqib','','','0321-2104578','',0,'','0321-2104578','Male','1539849513','2018-10-18',NULL,'','UnFreeze'),
('ARTT-237','82752',NULL,60,237,'Jawad Bashir Soomro',NULL,NULL,'Bhashir Ahmed Soomro','','','0349-2023894','',0,'','0336-1264216','Male','1539849583','2018-10-18',NULL,'','UnFreeze'),
('ARTT-238','89112',NULL,60,238,'Jia Kumari',NULL,NULL,'Manohar Lal','','','0300-9312778','',0,'','0306-1325100','Male','1539849667','2018-10-18',NULL,'','UnFreeze'),
('ARTT-239','96469',NULL,60,239,'Jonathan Victor',NULL,NULL,'Victor Masih','','','0346-3855611','',0,'','0308-0644225','Male','1539849753','2018-10-18',NULL,'','UnFreeze'),
('ARTT-240','96311',NULL,60,240,'Junaid Ahmed Hussain',NULL,NULL,'Ashraf Jamal','','','0312-8893388','',0,'','0313-8999193','Male','1539849845','2018-10-18',NULL,'','UnFreeze'),
('ARTT-241','91585',NULL,60,241,'Junaid Rehman',NULL,NULL,'Abdul Rehman','','','0348-2470830','',0,'','0304-8006862','Male','1539849921','2018-10-18',NULL,'','UnFreeze'),
('ARTT-242','90424',NULL,60,242,'Kamil Jan',NULL,NULL,'Muhammad Jan','','','0312-9708861','',0,'','0304-2760420','Male','1539850468','2018-10-18',NULL,'','UnFreeze'),
('ARTT-243','97932',NULL,60,243,'Kamran Khan',NULL,NULL,'M.Rasool','','','0302-6316774','',0,'','0305-2199197','Male','1539850564','2018-10-18',NULL,'','UnFreeze'),
('ARTT-244','90510',NULL,60,244,'Kanwar Ahsan Ali',NULL,NULL,'Farida Shahid','','','0321-2191316','',0,'','0300-3149909','Male','1539850669','2018-10-18',NULL,'','UnFreeze'),
('ARTT-245','101531',NULL,60,245,'Kashan',NULL,NULL,'Muhammad Murtaza','','','0324-2131788','',0,'','0301-2773323','Male','1539850767','2018-10-18',NULL,'','UnFreeze'),
('ARTT-246','104702',NULL,60,246,'Kashif Ahmed',NULL,NULL,'Shabir Ahmed','','','0333-7556620','',0,'','0334-2930953','Male','1539850923','2018-10-18',NULL,'','UnFreeze'),
('ARTT-247','97614',NULL,60,247,'Khizar Ali',NULL,NULL,'Ali Asghar','','','0345-9616485','',0,'','0346-8113585','Male','1539851002','2018-10-18',NULL,'','UnFreeze'),
('ARTT-248','99420',NULL,60,248,'Khizar Rehan',NULL,NULL,'Khawaja Rehan','','','0300-2509575','',0,'','0347-8089166','Male','1539851074','2018-10-18',NULL,'','UnFreeze'),
('ARTT-249','98935',NULL,60,249,'Khwaja Ghulam Owais',NULL,NULL,'KH.Ghulam Abbas','','','0301-8210653','',0,'','0306-2596088','Male','1539851199','2018-10-18',NULL,'','UnFreeze'),
('ARTT-250','98563',NULL,60,250,'Kiran Rajput',NULL,NULL,'B.M Rajput','','','0324-2885862','',0,'','0336-3768208','Male','1539851297','2018-10-18',NULL,'','UnFreeze'),
('ARTT-251','92642',NULL,60,251,'Kulsoom',NULL,NULL,'Shahnawaz','','','0332-2024355','',0,'','0305-2029145','Male','1539851414','2018-10-18',NULL,'','UnFreeze'),
('ARTT-252','86277',NULL,60,252,'Laiba ',NULL,NULL,'Muhammad Arif','','','0347-8363070','',0,'','0347-8363070','Male','1539851478','2018-10-18',NULL,'','UnFreeze'),
('ARTT-253','104102',NULL,60,253,'Lalit Kumar',NULL,NULL,'Radhesham','','','0334-0024080','',0,'','0333-2850520','Male','1539851562','2018-10-18',NULL,'','UnFreeze'),
('ARTT-255','99836',NULL,60,255,'Laveeza Advani',NULL,NULL,'M.Siraj Advani','','','0336-0111636','',0,'','0301-2600150','Male','1539851669','2018-10-18',NULL,'','UnFreeze'),
('ARTT-256','85549',NULL,60,256,'Laxman ',NULL,NULL,'Lakha','','','0346-2004274','',0,'','0333-3735341','Male','1539851821','2018-10-18',NULL,'','UnFreeze'),
('ARTT-257','99929',NULL,60,257,'Letitia',NULL,NULL,'Albert','','','0343-2244944','',0,'','0334-2244939','Male','1539851900','2018-10-18',NULL,'','UnFreeze'),
('ARTT-258','104508',NULL,60,258,'Lubna Misbah',NULL,NULL,'Misbah Rauf','','','0334-3798297','',0,'','0332-3297310','Male','1539852979','2018-10-18',NULL,'','UnFreeze'),
('ARTT-259','101703',NULL,60,259,'M.Hassaan Peracha',NULL,NULL,'M.Saeed','','','0335-0252918','',0,'','0347-8544163','Male','1539853086','2018-10-18',NULL,'','UnFreeze'),
('ARTT-260','102422',NULL,60,260,'M.Irtiqa',NULL,NULL,'M.Ashfaque Ahmed','','','0332-3370990','',0,'','0311-2258668','Male','1539853211','2018-10-18',NULL,'','UnFreeze'),
('ARTT-261','94272',NULL,60,261,'M.Javed Raza',NULL,NULL,'M.Raza','','','0345-2752066','',0,'','0331-4404440','Male','1539853301','2018-10-18',NULL,'','UnFreeze'),
('ARTT-262','101757',NULL,60,262,'M.Omer Imran',NULL,NULL,'Imran Ahmed','','','0321-2923964','',0,'','0322-2285533','Male','1539853447','2018-10-18',NULL,'','UnFreeze'),
('ARTT-263','105129',NULL,60,263,'M.Osama',NULL,NULL,'Khalid Hussain Shaikh','','','0317-2698412','',0,'','0333-7192229','Male','1539853529','2018-10-18',NULL,'','UnFreeze'),
('ARTT-264','101234',NULL,60,264,'M.Talha',NULL,NULL,'Ghulam Muhammad','','','0300-2558564','',0,'','0333-3420029','Male','1539853645','2018-10-18',NULL,'','UnFreeze'),
('ARTT-265','92575',NULL,60,265,'Maahnur Qasim',NULL,NULL,'Syed Kalbe Qasim Naqvi','','','0300-8231604','',0,'','0343-3856201','Male','1539853755','2018-10-18',NULL,'','UnFreeze'),
('ARTT-266','102227',NULL,60,266,'Maaz Aziz',NULL,NULL,'Amir Aziz','','','0300-9264364','',0,'','0333-6052414','Male','1539853837','2018-10-18',NULL,'','UnFreeze'),
('ARTT-268','91069',NULL,60,268,'Maham Hakro',NULL,NULL,'Sikander Ali Hakro','','','0332-7938820','',0,'','0347-3809373','Male','1539853975','2018-10-18',NULL,'','UnFreeze'),
('ARTT-269','97381',NULL,60,269,'Maheen',NULL,NULL,'Jegar Ali Halani','','','0315-5972961','',0,'','0333-3775422','Male','1539854147','2018-10-18',NULL,'','UnFreeze'),
('ARTT-270','97052',NULL,60,270,'Mahnoor Khan',NULL,NULL,'Rashid Mohtada Khan','','','0347-3223771','',0,'','0342-1807151','Male','1539854232','2018-10-18',NULL,'','UnFreeze'),
('ARTT-271','104647',NULL,60,271,'Mahnoor Siddiqui',NULL,NULL,'Mohammad Mohsin Siddiqui','','','0332-3644488','',0,'','0331-8465881','Male','1539854509','2018-10-18',NULL,'','UnFreeze'),
('ARTT-272','97625',NULL,60,272,'Mahpara Khalid',NULL,NULL,'Syed Khalid Hasan','','','0324-3246732','',0,'','0322-2281495','Male','1539855781','2018-10-18',NULL,'','UnFreeze'),
('ARTT-273','95738',NULL,60,273,'Mahrukh Tahir',NULL,NULL,'Shaikh Mohammad Tahir','','','0335-2544886','',0,'','0335-2544886','Male','1539858741','2018-10-18',NULL,'','UnFreeze'),
('ARTT-274','99968',NULL,0,274,'Maira Irfan',NULL,NULL,'Muhammad Irfan','','','0334-1878593','',0,'','0334-1879340','Male','1539858853','2018-10-18',NULL,'','UnFreeze'),
('ARTT-275','99968',NULL,60,275,'Maira Irfan',NULL,NULL,'Muhammad Irfan','','','0334-1878593','',0,'','0334-1879340','Male','1539858853','2018-10-18',NULL,'','UnFreeze'),
('ARTT-276','101246',NULL,60,276,'Majid Nadir',NULL,NULL,'Nadir Ali','','','0342-8660309','',0,'','0346-2805687','Male','1539858948','2018-10-18',NULL,'','UnFreeze'),
('ARTT-277','99356',NULL,60,277,'Makhdoom Ahmed Ali',NULL,NULL,'Makhdoom Yakoob','','','0300-2672512','',0,'','0316-0240374','Male','1539859052','2018-10-18',NULL,'','UnFreeze'),
('ARTT-278','97761',NULL,60,278,'Malik Afraz Awan',NULL,NULL,'Seemi Khurshid','','','0313-2575092','',0,'','0316-2084278','Male','1539859142','2018-10-18',NULL,'','UnFreeze'),
('ARTT-279','97892',NULL,60,279,'Manam Masoor ',NULL,NULL,'Mansoor Ahmed','','','0301-2645910','',0,'','0308-2642333','Male','1539859274','2018-10-18',NULL,'','UnFreeze'),
('ARTT-280','102350',NULL,60,280,'Manoj Kumar',NULL,NULL,'Ratan Lal','','','0333-3308199','',0,'','0301-2504742','Male','1539859389','2018-10-18',NULL,'','UnFreeze'),
('ARTT-281','99738',NULL,60,281,'Mansab Ali',NULL,NULL,'Rehmatullah','','','0300-3630460','',0,'','0332-2632686','Male','1539859464','2018-10-18',NULL,'','UnFreeze'),
('ARTT-282','88921',NULL,60,282,'Mansoor Ahmed Memon',NULL,NULL,'Manzoor Ahmed Memon','','','0333-2566410','',0,'','0333-0266683','Male','1539859533','2018-10-18',NULL,'','UnFreeze'),
('ARTT-283','102018',NULL,60,283,'Maruum Bibi',NULL,NULL,'Mussali Khan','','','0300-2132549','',0,'','0348-1133812','Male','1539859611','2018-10-18',NULL,'','UnFreeze'),
('ARTT-284','95617',NULL,60,284,'Maryam Fatima',NULL,NULL,'M.Khalid Siddiqui','','','0333-0225183','',0,'','0314-2079312','Male','1539859684','2018-10-18',NULL,'','UnFreeze'),
('ARTT-285','97955',NULL,60,285,'Mehak Kandorawala',NULL,NULL,'Muhammad Maqsood','','','0300-2194627','',0,'','0301-8962496','Male','1539859767','2018-10-18',NULL,'','UnFreeze'),
('ARTT-286','95828',NULL,60,286,'Mehrun Nisa',NULL,NULL,'Jabir Hussain','','','0302-29498514','',0,'','0320-2474294','Male','1539859826','2018-10-18',NULL,'','UnFreeze'),
('ARTT-287','95861',NULL,60,287,'Mehwish Waqar Ullah Khan',NULL,NULL,'Waqar Ullah Khan','','','0321-2048580','',0,'','0321-8997211','Male','1539860541','2018-10-18',NULL,'','UnFreeze'),
('ARTT-288','101223',NULL,60,288,'Mir Mehar Ali',NULL,NULL,'Nawaz Ali','','','0335-8226454','',0,'','0312-1308981','Male','1539860609','2018-10-18',NULL,'','UnFreeze'),
('ARTT-289','91988',NULL,60,289,'Mirza Ather Baig',NULL,NULL,'Mirza Asghar Baig','','','0333-3003006','',0,'','0321-3586001','Male','1539860698','2018-10-18',NULL,'','UnFreeze'),
('ARTT-290','99443',NULL,60,290,'Mirza Ishaque Baig',NULL,NULL,'Mirza Asfaq Ahmed','','','0336-3019233','',0,'','0348-0333004','Male','1539860764','2018-10-18',NULL,'','UnFreeze'),
('ARTT-291','85777',NULL,60,291,'Misbah Ahmed',NULL,NULL,'Mahmood Ahmed','','','0300-8233303','',0,'','0335-0352316','Male','1539863652','2018-10-18',NULL,'','UnFreeze'),
('ARTT-292','89348',NULL,60,292,'Moazam Qadir',NULL,NULL,'Mahboob Abdul Qadir','','','0300-3025727','',0,'','0310-0087357','Male','1539863720','2018-10-18',NULL,'','UnFreeze'),
('ARTT-293','101739',NULL,60,293,'Mohammad Mujtuba Salim',NULL,NULL,'Mohammad Salim Moosa','','','0345-2116270','',0,'','0315-2263621','Male','1539863880','2018-10-18',NULL,'','UnFreeze'),
('ARTT-294','91552',NULL,60,294,'Mohammad Saad',NULL,NULL,'Abdul Hameed','','','0324-2205567','',0,'','0324-2205567','Male','1539863955','2018-10-18',NULL,'','UnFreeze'),
('ARTT-295','104701',NULL,60,295,'Mohammad Shahid Rafeeq',NULL,NULL,'Rafeeq Ahmed','','','0307-6684309','',0,'','0303-9700938','Male','1539864020','2018-10-18',NULL,'','UnFreeze'),
('ARTT-296','101927',NULL,60,296,'Mohib Ahmed',NULL,NULL,'Mahboob Ahmed','','','0321-8774084','',0,'','0333-2576073','Male','1539864093','2018-10-18',NULL,'','UnFreeze'),
('ARTT-297','101194',NULL,60,297,'Mohsin Rehman',NULL,NULL,'Atta Ur Rehman','','','0333-2966015','',0,'','0332-2966015','Male','1539864156','2018-10-18',NULL,'','UnFreeze'),
('ARTT-298','98576',NULL,60,298,'Moiz',NULL,NULL,'Abbas','','','0341-2387753','',0,'','0336-9860752','Male','1539864229','2018-10-18',NULL,'','UnFreeze'),
('ARTT-299','99188',NULL,60,299,'Moon Raja',NULL,NULL,'Surat Ram','','','0302-3643484','',0,'','0303-3500230','Male','1539864302','2018-10-18',NULL,'','UnFreeze'),
('ARTT-300','87294',NULL,60,300,'Muaz Imran',NULL,NULL,'Mohammad Imran','','','0334-4396918','',0,'','0305-4019251','Male','1539864367','2018-10-18',NULL,'','UnFreeze'),
('ARTT-301','102336',NULL,60,301,'Mubashir Anwar Abdullah',NULL,NULL,'M.Anwer','','','0301-2849489','',0,'','0340-1374896','Male','1539864421','2018-10-18',NULL,'','UnFreeze'),
('ARTT-302','102006',NULL,60,302,'Mudassir Akbar Shaikh',NULL,NULL,'Ali akbae Shaikh','','','0300-8272104','',0,'','0317-2851166','Male','1539864485','2018-10-18',NULL,'','UnFreeze'),
('ARTT-303','99355',NULL,60,303,'Muddassir Abbas',NULL,NULL,'Zazfar Abbas','','','0347-1251977','',0,'','0347-1251977','Male','1539865078','2018-10-18',NULL,'','UnFreeze'),
('ARTT-304','91193',NULL,60,304,'Muhamad Awais Gulab',NULL,NULL,'Gulab Khan','','','0334-8115554','',0,'','0345-7501620','Male','1539865180','2018-10-18',NULL,'','UnFreeze'),
('ARTT-305','101999',NULL,60,305,'Muhamamd Rohail Khan',NULL,NULL,'Irfan Uddin','','','0332-8287075','',0,'','0303-0120246','Male','1539865267','2018-10-18',NULL,'','UnFreeze'),
('ARTT-306','101221',NULL,60,306,'Muhammad Abbas',NULL,NULL,'Younus','','','0300-2072685','',0,'','0312-2351272','Male','1539865332','2018-10-18',NULL,'','UnFreeze'),
('ARTT-307','100779',NULL,60,307,'Muhammad Adil',NULL,NULL,'Hanif Jan','','','0343-9448450','',0,'','0343-9448450','Male','1539865448','2018-10-18',NULL,'','UnFreeze'),
('ARTT-308','99849',NULL,60,308,'Muhammad Adil',NULL,NULL,'Shahzad Iqbal','','','0332-2101444','',0,'','0349-0246679','Male','1539865567','2018-10-18',NULL,'','UnFreeze'),
('ARTT-309','99846',NULL,60,309,'Muhammad Ammar',NULL,NULL,'Muhammad Junaid','','','0312-2699597','',0,'','0308-2335767','Male','1539865762','2018-10-18',NULL,'','UnFreeze'),
('ARTT-310','99392',NULL,60,310,'Muhammad Anas',NULL,NULL,'Muhammad Faisal','','','0333-3189725','',0,'','0334-3340585','Male','1539865869','2018-10-18',NULL,'','UnFreeze'),
('ARTT-311','101445',NULL,60,311,'Muhammad Anas Noor',NULL,NULL,'Muhammad Javed Noor','','','0300-9290348','',0,'','0332-3293134','Male','1539865953','2018-10-18',NULL,'','UnFreeze'),
('ARTT-312','106185',NULL,60,312,'Muhammad Annus',NULL,NULL,'Muhammad Sohail','','','0312-7799448','',0,'','0324-2156954','Male','1539866997','2018-10-18',NULL,'','UnFreeze'),
('ARTT-313','98502',NULL,60,313,'Muhammad Arfeen',NULL,NULL,'Shahid Kaim Khani','','','0333-3323277','',0,'','0317-2634495','Male','1539867076','2018-10-18',NULL,'','UnFreeze'),
('ARTT-314','99642',NULL,60,314,'Muhammad Asad',NULL,NULL,'Zahoor Ahmed','','','0312-3460378','',0,'','0347-2118757','Male','1539867574','2018-10-18',NULL,'','UnFreeze'),
('ARTT-315','102330',NULL,60,315,'Muhammad Asghar',NULL,NULL,'Muhammad Ashraf','','','0321-8291455','',0,'','0323-2247479','Male','1539867663','2018-10-18',NULL,'','UnFreeze'),
('ARTT-316','99186',NULL,60,316,'Muhammad Awais',NULL,NULL,'Muhammad Rafique','','','0306-2208239','',0,'','0306-2208239','Male','1539867777','2018-10-18',NULL,'','UnFreeze'),
('ARTT-317','92090',NULL,60,317,'Muhammad Awias Ali Khan',NULL,NULL,'Noor Muhammad Khan','','','0335-2073963','',0,'','0320-0278300','Male','1539867885','2018-10-18',NULL,'','UnFreeze'),
('ARTT-318','105731',NULL,60,318,'Muhammad Ayub Khan',NULL,NULL,'Abdul Ghaffar Khan','','','0336-6825334','',0,'','0315-7800538','Male','1539868236','2018-10-18',NULL,'','UnFreeze'),
('ARTT-319','101227',NULL,60,319,'Muhammad Bilal Dewan',NULL,NULL,'Miuhammad Amin Dewan','','','0335-2154806','',0,'','0315-2565854','Male','1539868384','2018-10-18',NULL,'','UnFreeze'),
('ARTT-320','102169',NULL,60,320,'Muhammad Daniyal ',NULL,NULL,'Muhammad Yousuf','','','0313-1323313','',0,'','0313-1323313','Male','1539868598','2018-10-18',NULL,'','UnFreeze'),
('ARTT-321','102948',NULL,60,321,'Muhammad Ehsan',NULL,NULL,'Irfan Gadit','','','0313-1187353','',0,'','0304-1290749','Male','1539868783','2018-10-18',NULL,'','UnFreeze'),
('ARTT-322','81166',NULL,60,322,'Muhammad Fahad Khurram',NULL,NULL,'Khurram Faiz','','','0308-0670994','',0,'','0317-1067919','Male','1539868920','2018-10-18',NULL,'','UnFreeze'),
('ARTT-323','99156',NULL,60,323,'Muhammad Faizan',NULL,NULL,'Muhammad Rizwan','','','0300-3567205','',0,'','0313-2044751','Male','1539869014','2018-10-18',NULL,'','UnFreeze'),
('ARTT-324','102008',NULL,60,324,'Muhammad Faraz Danish',NULL,NULL,'Mumtaz Danish','','','021-34966265','',0,'','0332-3767543','Male','1539869104','2018-10-18',NULL,'','UnFreeze'),
('ARTT-325','98836',NULL,60,325,'Muhammad Faraz Naeem',NULL,NULL,'Raja Naeem Aijaz','','','0321-8210841','',0,'','0312-8472035','Male','1539869190','2018-10-18',NULL,'','UnFreeze'),
('ARTT-326','92112',NULL,60,326,'Muhammad Hamza',NULL,NULL,'Muhammad Iqbal','','','0345-2682440','',0,'','0336-2279169','Male','1539869312','2018-10-18',NULL,'','UnFreeze'),
('ARTT-327','97081',NULL,60,327,'Muhammad Hamza',NULL,NULL,'Amin Uddin','','','0336-9860752','',0,'','0320-3517630','Male','1539869410','2018-10-18',NULL,'','UnFreeze'),
('ARTT-328','94185',NULL,60,328,'Muhammad Hamza Javeed',NULL,NULL,'M.Javeed Afzal','','','0317-2812524','',0,'','0335-1353708','Male','1539869539','2018-10-11',NULL,'','UnFreeze'),
('ARTT-329','85993',NULL,60,329,'Muhammad Hanzala Siddiqui',NULL,NULL,'Muhammad Mazhar uddin','','','0300-2414004','',0,'','0333-3745846','Male','1539869635','2018-10-18',NULL,'','UnFreeze'),
('ARTT-330','101963',NULL,60,330,'Muhammad Haseeb Khan',NULL,NULL,'Shahzad Muhammad Khan','','','0321-3825669','',0,'','0334-3087933','Male','1539869846','2018-10-18',NULL,'','UnFreeze'),
('ARTT-331','91731',NULL,60,331,'Muhammad Hassan',NULL,NULL,'Nadeem Akhtar','','','0314-7727628','',0,'','0334-3831203','Male','1539869968','2018-10-18',NULL,'','UnFreeze'),
('ARTT-332','90400',NULL,60,332,'Muhammad Hassan',NULL,NULL,'Sajid Iqbal','','','0307-2235604','',0,'','0308-2057648','Male','1539870066','2018-10-18',NULL,'','UnFreeze'),
('ARTT-333','85992',NULL,60,333,'Muhammad Hunain Aslam',NULL,NULL,'Muhammad Aslma','','','0322-2347457','',0,'','0333-3316942','Male','1539870179','2018-10-18',NULL,'','UnFreeze'),
('ARTT-334','101444',NULL,60,334,'Muhammad Hussain Raza Attari',NULL,NULL,'Abdul Hameed Qadri','','','0321-2563786','',0,'','0315-2929817','Male','1539870281','2018-10-18',NULL,'','UnFreeze'),
('ARTT-335','75083',NULL,60,335,'Muhammad Huzaifah',NULL,NULL,'Azhar Ahmed','','','0300-2633632','',0,'','0332-3317702','Male','1539870815','2018-10-18',NULL,'','UnFreeze'),
('ARTT-336','102003',NULL,0,336,'Muhammad Ibrahim',NULL,NULL,'Nazar Khan','','','','',0,'','0345-1947001','Male','1539870885','2018-10-18',NULL,'','UnFreeze'),
('ARTT-337','102003',NULL,60,337,'Muhammad Ibrahim',NULL,NULL,'Nazar Khan','','','0302-2181711','',0,'','0345-1947001','Male','1539870919','2018-10-18',NULL,'','UnFreeze'),
('ARTT-338','95729',NULL,60,338,'Muhammad Ikramullah',NULL,NULL,'Attaullah','','','0320-2040603','',0,'','0336-0803898','Male','1539871006','2018-10-18',NULL,'','UnFreeze'),
('ARTT-339','95669',NULL,60,339,'Muhammad Jamal Khan',NULL,NULL,'Muhammad Ajmal Khan','','','0323-2109016','',0,'','0331-0275178','Male','1539871126','2018-10-18',NULL,'','UnFreeze'),
('ARTT-340','101782',NULL,60,340,'Muhammad Maaz Siddiqui',NULL,NULL,'Shahzad Saleem','','','0300-3335538','',0,'','0334-2036066','Male','1539871305','2018-10-18',NULL,'','UnFreeze'),
('ARTT-341','99847',NULL,60,341,'Muhammad Madni Adamjee',NULL,NULL,'Adam Jee','','','0300-2161990','',0,'','0305-8422572','Male','1539871434','2018-10-18',NULL,'','UnFreeze'),
('ARTT-342','95567',NULL,60,342,'Muhammad Mashood',NULL,NULL,'Muhammad Ibrahim','','','0332-1342417','',0,'','0342-2484299','Male','1539924170','2018-10-19',NULL,'','UnFreeze'),
('ARTT-343','102622',NULL,60,343,'Muhammad Moiz Khan',NULL,NULL,'Zubair Farooq','','0333-3552046','','',0,'','0314-2261975','Male','1539924345','2018-10-19',NULL,'','UnFreeze'),
('ARTT-344','102225',NULL,60,344,'Muhammad Mudasir',NULL,NULL,'Muhammad Altaf','','','0302-2013893','',0,'','0331-7944414','Male','1539924448','2018-10-19',NULL,'','UnFreeze'),
('ARTT-345','86590',NULL,60,345,'Muhammad Mujtaba Wasim',NULL,NULL,'Wasim Uddin','','','0300-2843488','',0,'','0331-2645843','Male','1539924534','2018-10-19',NULL,'','UnFreeze'),
('ARTT-346','91954',NULL,60,346,'Muhammad Murtza',NULL,NULL,'M.Salim','','','0332-1134253','',0,'','0334-3251309','Male','1539924652','2018-10-19',NULL,'','UnFreeze'),
('ARTT-347','104034',NULL,60,347,'Muhammad Mustafa',NULL,NULL,'Muhammad Shabbir','','','0321-9261902','',0,'','0320-8280089','Male','1539924764','2018-10-19',NULL,'','UnFreeze'),
('ARTT-348','101981',NULL,60,348,'Muhammad Muzammil',NULL,NULL,'Abdul Jabbar','','','0333-7531843','',0,'','0312-2526232','Male','1539924931','2018-10-19',NULL,'','UnFreeze'),
('ARTT-349','88743',NULL,60,349,'Muhammad Muzammil Rao',NULL,NULL,'Munawar Ali','','','0317-3835938','',0,'','0302-2572578','Male','1539925036','2018-10-19',NULL,'','UnFreeze'),
('ARTT-350','68697',NULL,60,350,'Muhammad Nawaz Usmani',NULL,NULL,'Qamar Uddin ','','','0332-2257992','',0,'','0332-2257992','Male','1539925121','2018-10-19',NULL,'','UnFreeze'),
('ARTT-351','94419',NULL,60,351,'Muhammad Noor',NULL,NULL,'Muhammad Iqbal','','','0333-7567277','',0,'','0336-8277280','Male','1539925210','2018-10-19',NULL,'','UnFreeze'),
('ARTT-352','97594',NULL,60,352,'Muhammad Omer Suleman',NULL,NULL,'Muhammad Suleman','','','0300-7033800','',0,'','0340-2072017','Male','1539925314','2018-10-19',NULL,'','UnFreeze'),
('ARTT-353','103142',NULL,60,353,'Muhammad Ovais Tahir',NULL,NULL,'Abdul Razzak Tahir','','','0332-3175764','',0,'','0340-2667220','Male','1539925409','2018-10-19',NULL,'','UnFreeze'),
('ARTT-354','94188',NULL,60,354,'Muhammad Raza Jaffery',NULL,NULL,'Mehmood Alam Jaffery','','','0333-3012590','',0,'','0332-3012032','Male','1539925597','2018-10-19',NULL,'','UnFreeze'),
('ARTT-355','96820',NULL,60,355,'Muhammad Rizwan ',NULL,NULL,'Wali Muhammad','','','0334-1247454','',0,'','0334-1247454','Male','1539925702','2018-10-19',NULL,'','UnFreeze'),
('ARTT-356','92091',NULL,60,356,'Muhammad Saad',NULL,NULL,'Muhammad Shoaib','','','0333-4037863','',0,'','0300-2413004','Male','1539925841','2018-10-19',NULL,'','UnFreeze'),
('ARTT-357','99969',NULL,60,357,'Muhammad saad Jamil',NULL,NULL,'Muhammad Jamil','','','0332-3105538','',0,'','0333-2413139','Male','1539925942','2018-10-19',NULL,'','UnFreeze'),
('ARTT-358','92031',NULL,60,358,'Muhammad Sameer',NULL,NULL,'Muhammad Hanif Kapadia','','','0305-2036584','',0,'','0332-2524985','Male','1539931879','2018-10-19',NULL,'','UnFreeze'),
('ARTT-359','102002',NULL,60,359,'Muhammad Shaheer',NULL,NULL,'Muhamamd Naseem','','','0335-3509230','',0,'','0335-0314788','Male','1539932031','2018-10-19',NULL,'','UnFreeze'),
('ARTT-360','99645',NULL,60,360,'Muhammad Shahryar',NULL,NULL,'Jehangir Mangi','','','0332-2520870','',0,'','0312-0366490','Male','1539932155','2018-10-19',NULL,'','UnFreeze'),
('ARTT-361','81482',NULL,60,361,'Muhammad Shahzad',NULL,NULL,'M.Yaqoob','','','0300-3295414','',0,'','0335-8196752','Male','1539936619','2018-10-19',NULL,'','UnFreeze'),
('ARTT-362','96957',NULL,60,362,'Muhammad Shariq Vayani',NULL,NULL,'Muhammad Ashraf Vayani','','','021-2384498','',0,'','0333-2202721','Male','1539936692','2018-10-19',NULL,'','UnFreeze'),
('ARTT-363','80585',NULL,60,363,'Muhammad Shoaib',NULL,NULL,'Hafeez Ur Rehman','','','0333-2381138','',0,'','0341-2381138','Male','1539936764','2018-10-19',NULL,'','UnFreeze'),
('ARTT-364','85553',NULL,60,364,'Muhammad Shoaib',NULL,NULL,'Muhammad Ali','','','0302-2915720','',0,'','0334-2220559','Male','1539936835','2018-10-19',NULL,'','UnFreeze'),
('ARTT-365','101529',NULL,60,365,'Muhammad Sufyan',NULL,NULL,'Abdul Hmaeed','','','0344-2287530','',0,'','0316-2500880','Male','1539936934','2018-10-19',NULL,'','UnFreeze'),
('ARTT-366','95791',NULL,60,366,'Muhammad Sufyan',NULL,NULL,'Abdul Kadir','','','0316-1298571','',0,'','0331-2839810','Male','1539937073','2018-10-19',NULL,'','UnFreeze'),
('ARTT-367','106010',NULL,60,367,'Muhammad Tahir Ansari',NULL,NULL,'Muhammad Shahid Ansari','','','0331-2336291','',0,'','0335-8600332','Male','1539937176','2018-10-19',NULL,'','UnFreeze'),
('ARTT-368','97410',NULL,60,368,'Muhammad Talha Hussain',NULL,NULL,'Muhammad Ikhtair Ul Hussan','','','0332-3239148','',0,'','0332-3239148','Male','1539937390','2018-10-19',NULL,'','UnFreeze'),
('ARTT-369','101959',NULL,60,369,'Muhammad Taleeq Khan',NULL,NULL,'Muhammad Ghouri Khan','','','0331-3798488','',0,'','0331-3798488','Male','1539937532','2018-10-19',NULL,'','UnFreeze'),
('ARTT-370','90705',NULL,60,370,'Muhammad Talha Tariq',NULL,NULL,'Tariq Rasheed ','','','0332-2411237','',0,'','0342-2982252','Male','1539937628','2018-10-19',NULL,'','UnFreeze'),
('ARTT-371','101469',NULL,60,371,'Muhammad Umair',NULL,NULL,'Muhammad Afzal','','','0335-2645433','',0,'','0331-2816571','Male','1539942986','2018-10-19',NULL,'','UnFreeze'),
('ARTT-372','104698',NULL,60,372,'Muhammad Umar Shan',NULL,NULL,'Shafiq Ur rehman','','','0300-9245705','',0,'','0304-2284097','Male','1539943425','2018-10-19',NULL,'','UnFreeze'),
('ARTT-373','90308',NULL,60,373,'Muhammad Umer',NULL,NULL,'Bazar Hussain','','','0304-8126758','',0,'','0313-2472207','Male','1539943506','2018-10-19',NULL,'','UnFreeze'),
('ARTT-374','98312',NULL,60,374,'Muhammad Umer',NULL,NULL,'Zulfiqar Ahmed','','','0331-2822173','',0,'','0331-2822173','Male','1539943603','2018-10-19',NULL,'','UnFreeze'),
('ARTT-375','101809',NULL,60,375,'Muhammad Umer Hamdani',NULL,NULL,'Muhammad Imran Hamdani','','','0300-9773174','',0,'','0313-3162550','Male','1539943707','2018-10-19',NULL,'','UnFreeze'),
('ARTT-376','92047',NULL,60,376,'Muhammad Usama Jameel',NULL,NULL,'Muhammad Jameel','','','0334-2765078','',0,'','0331-2518726','Male','1539943913','2018-10-19',NULL,'','UnFreeze'),
('ARTT-377','82917',NULL,60,377,'Muhammad Usman ',NULL,NULL,'Anjum Pervez','','','0300-9244076','',0,'','0336-3260055','Male','1539944087','2018-10-19',NULL,'','UnFreeze'),
('ARTT-378','88971',NULL,60,378,'Muhammad Usman Tamimi',NULL,NULL,'Muhammad Aslam Tamimi','','','0332-2151192','',0,'','0334-2991581','Male','1539944313','2018-10-19',NULL,'','UnFreeze'),
('ARTT-379','99724',NULL,60,379,'Muhammad Yasir ',NULL,NULL,'Gulfam','','','0323-3319980','',0,'','0300-0873309','Male','1539944398','2018-10-19',NULL,'','UnFreeze'),
('ARTT-380','102389',NULL,60,380,'Muhammad Yasir Rabnawaz',NULL,NULL,'Abdul Razzak','','','0312-2749757','',0,'','0321-2708671','Male','1539944465','2018-10-19',NULL,'','UnFreeze'),
('ARTT-381','104427',NULL,60,381,'Muhammad Yasir Uner',NULL,NULL,'Hidayat Ullah Unar','','','0321-3029736','',0,'','0303-3949394','Male','1539945004','2018-10-19',NULL,'','UnFreeze'),
('ARTT-382','102791',NULL,60,382,'Muhammad Zain',NULL,NULL,'Bilal Ahmed','','','0331-3343749','',0,'','0332-2352859','Male','1539945074','2018-10-19',NULL,'','UnFreeze'),
('ARTT-383','100432',NULL,60,383,'Muhammad Zohaib',NULL,NULL,'Muhammad Qasir','','','0342-2955503','',0,'','0300-2272647','Male','1539945145','2018-10-19',NULL,'','UnFreeze'),
('ARTT-384','101733',NULL,60,384,'Muhammd Ashar Siddiqui',NULL,NULL,'Shahzada Khurram Qadeer','','','0333-2206422','',0,'','0334-2096271','Male','1539945215','2018-10-19',NULL,'','UnFreeze'),
('ARTT-385','104055',NULL,60,385,'Muneeb Iqbal Kazi',NULL,NULL,'Javed Iqbal Kazi','','','0332-2927656','',0,'','0313-2243017','Male','1539945310','2018-10-19',NULL,'','UnFreeze'),
('ARTT-386','76511',NULL,60,386,'Murtaza Ali Khan',NULL,NULL,'Muzaffar Ali Khan','','','0312-1804704','',0,'','0344-8012410','Male','1539945410','2018-10-19',NULL,'','UnFreeze'),
('ARTT-387','101926',NULL,60,387,'Murtaza Taqi',NULL,NULL,'M.Taqi','','','0335-3707451','',0,'','0334-3559591','Male','1539945490','2018-10-19',NULL,'','UnFreeze'),
('ARTT-388','101193',NULL,60,388,'Musab Haider Dad',NULL,NULL,'Khuda Dad','','','0300-2210960','',0,'','0320-2005181','Male','1539945595','2018-10-19',NULL,'','UnFreeze'),
('ARTT-389','101350',NULL,60,389,'Musab Uz Zaman',NULL,NULL,'Obaid Ur Rehman','','','0310-0996658','',0,'','0312-2247966','Male','1539945789','2018-10-19',NULL,'','UnFreeze'),
('ARTT-390','99876',NULL,60,390,'Musadiq Abbas',NULL,NULL,'Ghulam Abbas','','','0333-2244343','',0,'','0336-2581845','Male','1539945859','2018-10-19',NULL,'','UnFreeze'),
('ARTT-391','101694',NULL,60,391,'Musatafa Ahmed',NULL,NULL,'Ahmed Siddiqui','','','0312-2766383','',0,'','0312-2250866','Male','1539945940','2018-10-19',NULL,'','UnFreeze'),
('ARTT-392','101753',NULL,60,392,'Mushahad Ali',NULL,NULL,'Mahkum Uddin','','','0300-2077872','',0,'','0305-4719176','Male','1539946028','2018-10-19',NULL,'','UnFreeze'),
('ARTT-393','98541',NULL,60,393,'Muzamil Hussain',NULL,NULL,'Nazir Hussain','','','0304-2991628','',0,'','0312-2461141','Male','1539946146','2018-10-19',NULL,'','UnFreeze'),
('ARTT-394','105107',NULL,60,394,'Muzammil Ahmed',NULL,NULL,'Ameer Mohammad','','','0336-4464777','',0,'','0336-4464777','Male','1539946293','2018-10-19',NULL,'','UnFreeze'),
('ARTT-395','99090',NULL,60,395,'Muzammil Bashir',NULL,NULL,'Bashir Ahmed Malick','','','0300-2346335','',0,'','0312-2250479','Male','1539946383','2018-10-19',NULL,'','UnFreeze'),
('ARTT-396','97940',NULL,60,396,'Muzammil Zubair',NULL,NULL,'Muhammad Zubair','','','0321-2231884','',0,'','0322-8284617','Male','1539946511','2018-10-19',NULL,'','UnFreeze'),
('ARTT-397','99743',NULL,60,397,'Muzzammil Mustafa Khan',NULL,NULL,'Mubashir Mustafa Khan','','','0320-3202468','',0,'','0333-5178602','Male','1539946595','2018-10-19',NULL,'','UnFreeze'),
('ARTT-398','99126',NULL,60,398,'Nabila Toheed',NULL,NULL,'Tohaeed Ahmed','','','0300-9248741','',0,'','0306-2672500','Male','1539946677','2018-10-19',NULL,'','UnFreeze'),
('ARTT-399','101758',NULL,60,399,'Najam Ahmed',NULL,NULL,'Muhammad Ahmed','','','0332-3192820','',0,'','0304-0223293','Male','1539946758','2018-10-19',NULL,'','UnFreeze'),
('ARTT-400','104666',NULL,60,400,'Najm Ullah Siddiqui',NULL,NULL,'Shams Ul Azeem Siddiqui','','','0344-3451445','',0,'','0301-2758141','Male','1539946840','2018-10-19',NULL,'','UnFreeze'),
('ARTT-401','105118',NULL,60,401,'Nawal Azhar',NULL,NULL,'Muhammad Azhar Khan','','','0315-2451351','',0,'','0311-8136722','Male','1539946970','2018-10-19',NULL,'','UnFreeze'),
('ARTT-402','94115',NULL,60,402,'Nehan Rifaqat',NULL,NULL,'Late.Syed Rifaqat Ali','','','0300-3679216','',0,'','0324-3280868','Male','1539947044','2018-10-19',NULL,'','UnFreeze'),
('ARTT-403','98546',NULL,60,403,'Nighat Fatima Rizwan',NULL,NULL,'Rizwan Ali','','','0308-2032022','',0,'','0333-2119939','Male','1539947123','2018-10-19',NULL,'','UnFreeze'),
('ARTT-404','102010',NULL,60,404,'Nikhil Ahuja',NULL,NULL,'Dileep Kumar Ahuja','','','0333-7532819','',0,'','0336-3481248','Male','1539947221','2018-10-19',NULL,'','UnFreeze'),
('ARTT-405','97396',NULL,60,405,'Nimra Shafqat',NULL,NULL,'Shafqat Ullah','','','3062979820','',0,'','0312-2865780','Male','1539947361','2018-10-19',NULL,'','UnFreeze'),
('ARTT-406','96514',NULL,60,406,'Noor Uddin Nazim',NULL,NULL,'Nazim Ali','','','0300-3387251','',0,'','0333-2260872','Male','1539947444','2018-10-19',NULL,'','UnFreeze'),
('ARTT-407','96897',NULL,60,407,'Noor Ul Ain',NULL,NULL,'Muhamamd Siddique','','','0346-3669255','',0,'','0306-1366820','Male','1539947531','2018-10-19',NULL,'','UnFreeze'),
('ARTT-408','93844',NULL,60,408,'Osama ',NULL,NULL,'M.Amin','','','0310-2256844','',0,'','0312-2499100','Male','1539948236','2018-10-19',NULL,'','UnFreeze'),
('ARTT-409','99352',NULL,60,409,'Osama Ahmed',NULL,NULL,'Nawaid Ahmed','','','0320-2105482','',0,'','0331-2856314','Male','1539948311','2018-10-19',NULL,'','UnFreeze'),
('ARTT-410','102332',NULL,60,410,'Osama Altaf Hussain',NULL,NULL,'Altaf Hussain','','','0300-2113588','',0,'','0310-2174006','Male','1539948402','2018-10-19',NULL,'','UnFreeze'),
('ARTT-411','79875',NULL,60,411,'Osama Bin Aslam',NULL,NULL,'Muhammad Aslam Noor','','','0347-2014301','',0,'','0313-2580484','Male','1539948482','2018-10-19',NULL,'','UnFreeze'),
('ARTT-412','99648',NULL,60,412,'Osama Iqbal',NULL,NULL,'Muhammad Iqbal','','','0333-2323794','',0,'','0342-2177518','Male','1539948567','2018-10-19',NULL,'','UnFreeze'),
('ARTT-413','95682',NULL,60,413,'Osama Nasir',NULL,NULL,'Muhammad Nasir','','','0321-9241444','',0,'','0321-9244400','Male','1539948671','2018-10-19',NULL,'','UnFreeze'),
('ARTT-414','99862',NULL,60,414,'Osama Yousuf',NULL,NULL,'Yousuf Kasbati','','','0313-2441853','',0,'','0334-3617362','Male','1539948740','2018-10-19',NULL,'','UnFreeze'),
('ARTT-415','10185',NULL,60,415,'Owais Ahmed',NULL,NULL,'Muhammad Ahmed','','','0334-369908','',0,'','0334-3699907','Male','1539948882','2018-10-19',NULL,'','UnFreeze'),
('ARTT-416','101775',NULL,60,416,'Owais Ahmed',NULL,NULL,'Rukhsar Ahmed','','','0333-5697220','',0,'','0341-2641208','Male','1539948954','2018-10-19',NULL,'','UnFreeze'),
('ARTT-417','104897',NULL,60,417,'Pari Wish',NULL,NULL,'Muhammad Latif','','','0300-2698341','',0,'','0302-2727912','Male','1539949027','2018-10-19',NULL,'','UnFreeze'),
('ARTT-418','101806',NULL,60,418,'Priyanka Sandekar',NULL,NULL,'Deveanad','','','0333-2194372','',0,'','0332-2223646','Male','1539949124','2018-10-19',NULL,'','UnFreeze'),
('ARTT-419','101231',NULL,60,419,'Qasir Hussain',NULL,NULL,'Peer Bux','','','0311-7511256','',0,'','0311-7511256','Male','1539949220','2018-10-19',NULL,'','UnFreeze'),
('ARTT-420','88217',NULL,60,420,'Qudsia Zafar',NULL,NULL,'Khalid Zafar','','','0336-3766820','',0,'','0343-3582373','Male','1539949316','2018-10-19',NULL,'','UnFreeze'),
('ARTT-421','94454',NULL,60,421,'Rabia',NULL,NULL,'Muhammad Azhar','','','0334-0214008','',0,'','0304-3580961','Male','1539949444','2018-10-19',NULL,'','UnFreeze'),
('ARTT-422','105119',NULL,60,422,'Rabia Hashim',NULL,NULL,'M.Hashim','','','0333-2827147','',0,'','0333-2827147','Male','1539949518','2018-10-19',NULL,'','UnFreeze'),
('ARTT-423','98346',NULL,60,423,'Rafiuddin',NULL,NULL,'Moinuddin','','','0347-3976569','',0,'','0344-3807772','Male','1539949616','2018-10-19',NULL,'','UnFreeze'),
('ARTT-424','104343',NULL,60,424,'Rahim',NULL,NULL,'Karim','','','0305-2625297','',0,'','0310-2755577','Male','1539949696','2018-10-19',NULL,'','UnFreeze'),
('ARTT-425','94137',NULL,60,425,'Raja Muhammad Abeer',NULL,NULL,'Naeem Gul','','','0300-4563728','',0,'','0306-0120813','Male','1539949845','2018-10-19',NULL,'','UnFreeze'),
('ARTT-426','102757',NULL,60,426,'Raja Muzafar',NULL,NULL,'Muhammad Moosa','','','0331-3934309','',0,'','0331-2809138','Male','1539949932','2018-10-19',NULL,'','UnFreeze'),
('ARTT-427','97382',NULL,60,427,'Ramsha Shah',NULL,NULL,'Azhar Hussain Shah','','','0313-8433843','',0,'','0316-1281523','Male','1539950004','2018-10-19',NULL,'','UnFreeze'),
('ARTT-428','94587',NULL,60,428,'Ramsha Shaikh',NULL,NULL,'Tufail Ahmed Shaikh','','','0335-8468817','',0,'','0342-2224659','Male','1539950093','2018-10-19',NULL,'','UnFreeze'),
('ARTT-429','95076',NULL,60,429,'Rao Aqib',NULL,NULL,'Rao Rabnawaz','','','0314-2777150','',0,'','0312-2315889','Male','1539950154','2018-10-19',NULL,'','UnFreeze'),
('ARTT-430','92037',NULL,60,430,'Raqeem Ul Ghani ',NULL,NULL,'Naseem Ul Ghani','','','0301-3392014','',0,'','0312-2637106','Male','1539950422','2018-10-19',NULL,'','UnFreeze'),
('ARTT-431','101461',NULL,60,431,'Rehan Ullah',NULL,NULL,'Rizwan Ahmed','','','0306-1788990','',0,'','0306-3655911','Male','1539950610','2018-10-19',NULL,'','UnFreeze'),
('ARTT-432','99739',NULL,60,432,'Rehman Niaz',NULL,NULL,'Rafique Ahmed','','','0331-2240137','',0,'','0300-3630460','Male','1539950689','2018-10-19',NULL,'','UnFreeze'),
('ARTT-433','104426',NULL,60,433,'Riaz Hussain Bhutto',NULL,NULL,'Meval','','','0348-3070900','',0,'','0335-2073785','Male','1539950760','2018-10-19',NULL,'','UnFreeze'),
('ARTT-434','92213',NULL,60,434,'Rimsha Arshad',NULL,NULL,'Arshad Jamil','','','0332-3617858','',0,'','0321-8231361','Male','1539950824','2018-10-19',NULL,'','UnFreeze'),
('ARTT-435','101440',NULL,60,435,'Rimsha Khokhar',NULL,NULL,'Mushtaq Khokhar','','','0346-2778973','',0,'','0346-2778973','Male','1539950901','2018-10-19',NULL,'','UnFreeze'),
('ARTT-436','98296',NULL,60,436,'Rizwan Kareem',NULL,NULL,'Abdul Kareem','','','0301-2545665','',0,'','0308-6782728','Male','1539951036','2018-10-19',NULL,'','UnFreeze'),
('ARTT-437','99550',NULL,60,437,'Rohit Kumar',NULL,NULL,'Lakhman Dass','','','0315-3602302','',0,'','0306-5032474','Male','1539951181','2018-10-19',NULL,'','UnFreeze'),
('ARTT-438','92717',NULL,60,438,'Royston Arshad',NULL,NULL,'Arshad Khushi','','','0314-2249303','',0,'','0349-3583285','Male','1539951245','2018-10-19',NULL,'','UnFreeze'),
('ARTT-439','99079',NULL,60,439,'99079',NULL,NULL,'Shoukat Ali','','','0333-3864056','',0,'','0334-3830928','Male','1539951349','2018-10-19',NULL,'','UnFreeze'),
('ARTT-440','86418',NULL,60,440,'Ruqaiya Khan',NULL,NULL,'Ashiq Hussain','','','0300-2941384','',0,'','0316-1121010','Male','1539951431','2018-10-19',NULL,'','UnFreeze'),
('ARTT-441','95752',NULL,60,441,'Rutab',NULL,NULL,'Liaqat Ali','','','0336-2023566','',0,'','0332-3930162','Male','1539951666','2018-10-19',NULL,'','UnFreeze'),
('ARTT-442','92254',NULL,60,442,'S.M.Rafid Ali',NULL,NULL,'Sharafat Ahmed','','','0342-3140781','',0,'','0342-3140781','Male','1539951754','2018-10-19',NULL,'','UnFreeze'),
('ARTT-443','105022',NULL,60,443,'S.M.Shahryar Raza',NULL,NULL,'Syed Kazim Raza','','','0334-3941891','',0,'','0336-3970829','Male','1539951829','2018-10-19',NULL,'','UnFreeze'),
('ARTT-444','100079',NULL,60,444,'Saad Ahmed Awan',NULL,NULL,'Siraj Ahmed Awan','','','0317-2954848','',0,'','0335-2610618','Male','1539951911','2018-10-19',NULL,'','UnFreeze'),
('ARTT-445','101351',NULL,60,445,'Saad Ahmed Khan',NULL,NULL,'Faiyaz Ahmed Khan','','','0330-2640884','',0,'','0333-2352447','Male','1539952035','2018-10-19',NULL,'','UnFreeze'),
('ARTT-446','86339',NULL,60,446,'Saad Arif',NULL,NULL,'Arif Hussain','','','0304-8354551','',0,'','0304-8354551','Male','1539952215','2018-10-19',NULL,'','UnFreeze'),
('ARTT-447','97411',NULL,60,447,'Saad Habib Khan',NULL,NULL,'Abdul Habib','','','0336-3793216','',0,'','0336-3793216','Male','1539952374','2018-10-19',NULL,'','UnFreeze'),
('ARTT-448','101438',NULL,60,448,'Saad Hasan Syed ',NULL,NULL,'Khalid Hasan Syed','','','0300-8930030','',0,'','0303-2015956','Male','1539952463','2018-10-19',NULL,'','UnFreeze'),
('ARTT-449','4087356',NULL,60,449,'Saad Jahangir',NULL,NULL,'S.A Jahangir Iqbal','','','0336-8292089','',0,'','0336-8292089','Male','1539952555','2018-10-19',NULL,'','UnFreeze'),
('ARTT-450','95785',NULL,60,450,'Saad Muhammad Saleem',NULL,NULL,'Muhammad Saleem','','','0300-2160189','',0,'','0305-2830484','Male','1539952797','2018-10-19',NULL,'','UnFreeze'),
('ARTT-451','101079',NULL,60,451,'Saad Rathod',NULL,NULL,'Suhail Rathod','','','0331-2109494','',0,'','0332-7831366','Male','1539952938','2018-10-19',NULL,'','UnFreeze'),
('ARTT-452','97615',NULL,60,452,'Saad Ullah Khan',NULL,NULL,'Saadat Ullah Khan','','','0321-2255998','',0,'','0332-3598384','Male','1539955155','2018-10-19',NULL,'','UnFreeze'),
('ARTT-453','97936',NULL,60,453,'Saad Zafar',NULL,NULL,'Zafar Iqbal','','','0333-3991486','',0,'','0333-3991486','Male','1539955224','2018-10-19',NULL,'','UnFreeze'),
('ARTT-454','95655',NULL,60,454,'Saba Lakho',NULL,NULL,'Muhammad Dawood','','','0300-8260293','',0,'','0334-0036340','Male','1539955297','2018-10-19',NULL,'','UnFreeze'),
('ARTT-455','102312',NULL,60,455,'Sabahat Jamil Ansari',NULL,NULL,'Muhammad Jamil Ansari','','','0321-1355723','',0,'','0343-3088137','Male','1539955368','2018-10-19',NULL,'','UnFreeze'),
('ARTT-456','95844',NULL,60,456,'Sabika Khan',NULL,NULL,'Nadeem Khan','','','0300-9207794','',0,'','0332-2565438','Male','1539958076','2018-10-19',NULL,'','UnFreeze'),
('ARTT-457','96722',NULL,60,457,'Sabir Ali',NULL,NULL,'Rustam Ali','','','0345-3846954','',0,'','0300-4676498','Male','1539958232','2018-10-19',NULL,'','UnFreeze'),
('ARTT-458','85051',NULL,60,458,'Sadia Ghafoor',NULL,NULL,'Abdul Ghafoor','','','0333-3573820','',0,'','0334-2271228','Male','1539958313','2018-10-19',NULL,'','UnFreeze'),
('ARTT-459','101729',NULL,60,459,'Sadia Rizwan',NULL,NULL,'Muhammad Rizwan','','','0333-3033548','',0,'','0332-3816898','Male','1539958419','2018-10-19',NULL,'','UnFreeze'),
('ARTT-460','95725',NULL,60,460,'Safdar Hussain Gohar',NULL,NULL,'Shahdi Ghoar','','','0315-2971891','',0,'','0310-2939336','Male','1539958497','2018-10-19',NULL,'','UnFreeze'),
('ARTT-461','94175',NULL,60,461,'Safi Ur Rehman Ghauri',NULL,NULL,'M.Ibrahim Ghauri','','','0331-3168641','',0,'','0335-2811045','Male','1539958573','2018-10-19',NULL,'','UnFreeze'),
('ARTT-462','99491',NULL,60,462,'Sagar',NULL,NULL,'Balram','','','0333-7540636','',0,'','0344-0320015','Male','1539958646','2018-10-19',NULL,'','UnFreeze'),
('ARTT-463','82931',NULL,60,463,'Sahibzada Afaq Ali Shah',NULL,NULL,'Mushtaq Ali Shah','','','0300-8277909','',0,'','0334-3666007','Male','1539958738','2018-10-19',NULL,'','UnFreeze'),
('ARTT-464','90234',NULL,60,464,'Sakina Raza',NULL,NULL,'Syed Raza Hasan','','','0336-2430694','',0,'','0336-2430697','Male','1539958876','2018-10-19',NULL,'','UnFreeze'),
('ARTT-465','95699',NULL,60,465,'Salman Abbas',NULL,NULL,'Arshad Abbas','','','0333-303034','',0,'','0335-1356439','Male','1539958954','2018-10-19',NULL,'','UnFreeze'),
('ARTT-466','101776',NULL,60,466,'Salman Ahmed',NULL,NULL,'Fayaz Ahmed','','','0321-2284309','',0,'','0323-2865611','Male','1539959059','2018-10-19',NULL,'','UnFreeze'),
('ARTT-467','83226',NULL,60,467,'Salwa Parwaiz Mughal',NULL,NULL,'M.Parwaiz Mughal','','','0321-2667922','',0,'','0333-2682056','Male','1539959137','2018-10-19',NULL,'','UnFreeze'),
('ARTT-468','101952',NULL,60,468,'Sameer Ahmed Pirzada',NULL,NULL,'Niaz Ahmed ','','','0321-295598','',0,'','0300-2509313','Male','1539959230','2018-10-19',NULL,'','UnFreeze'),
('ARTT-469','98477',NULL,60,469,'Sameer Ahmed Shaikh',NULL,NULL,'Abdul Rasheed','','','0314-3144471','',0,'','0331-8022789','Male','1539959308','2018-10-19',NULL,'','UnFreeze'),
('ARTT-470','99200',NULL,60,470,'Sameer Ali',NULL,NULL,'Muhammad Rafique','','','0301-3593870','',0,'','0301-2360923','Male','1539959412','2018-10-19',NULL,'','UnFreeze'),
('ARTT-471','103779',NULL,60,471,'Samir Sultan Ali',NULL,NULL,'Sultan Ali','','','0306-2932990','',0,'','0306-2203993','Male','1539959488','2018-10-19',NULL,'','UnFreeze'),
('ARTT-472','102226',NULL,60,472,'Samra',NULL,NULL,'Niaz Muhammad','','','0300-8945914','',0,'','0300-8945914','Male','1539960328','2018-10-19',NULL,'','UnFreeze'),
('ARTT-473','99339',NULL,60,473,'Samra Khan',NULL,NULL,'Shahzad Haider Khan','','','0322-2705735','',0,'','0322-2705735','Male','1539960424','2018-10-19',NULL,'','UnFreeze'),
('ARTT-474','99338',NULL,60,474,'Sana Ali',NULL,NULL,'Mumtaz Ali Khan','','','0342-2461014','',0,'','0310-1070406','Male','1539960561','2018-10-19',NULL,'','UnFreeze'),
('ARTT-475','99755',NULL,60,475,'Sana Khan',NULL,NULL,'Masood Azam Khan','','','0335-2511223','',0,'','0331-2812072','Male','1539960741','2018-10-19',NULL,'','UnFreeze'),
('ARTT-476','90123',NULL,60,476,'Sana Usman',NULL,NULL,'Muhammad Usman','','','0333-3577181','',0,'','0331-3602055','Male','1539960824','2018-10-19',NULL,'','UnFreeze'),
('ARTT-477','99881',NULL,60,477,'Saqib Masood',NULL,NULL,'Masood Hussain','','','0335-3459302','',0,'','0335-3459302','Male','1539960907','2018-10-19',NULL,'','UnFreeze'),
('ARTT-478','97053',NULL,60,478,'Sarosh ',NULL,NULL,'Sohail','','','0344-2520257','',0,'','0315-0215589','Male','1539960979','2018-10-19',NULL,'','UnFreeze'),
('ARTT-479','101983',NULL,60,479,'Sarwar Shah',NULL,NULL,'Amer Mehdi Naqvi','','','0302-8248358','',0,'','0302-8248357','Male','1539961073','2018-10-19',NULL,'','UnFreeze'),
('ARTT-480','94209',NULL,60,480,'Sayyab Akbar',NULL,NULL,'Shahzad Akbar','','','0321-2183924','',0,'','0300-2181712','Male','1539961197','2018-10-19',NULL,'','UnFreeze'),
('ARTT-481','102767',NULL,60,481,'Shah Abdur Rehman',NULL,NULL,'Shahid Rehman','','','0332-3355094','',0,'','0332-3355094','Male','1539961314','2018-10-19',NULL,'','UnFreeze'),
('ARTT-482','104009',NULL,60,482,'Shah Muhammad Mutahir Alam',NULL,NULL,'Shah Yousuf Alam','','','0335-7598242','',0,'','0331-3184787','Male','1539961405','2018-10-19',NULL,'','UnFreeze'),
('ARTT-483','99121',NULL,60,483,'Shah Saud Asif',NULL,NULL,'Shah Asif Masood','','','0321-2690092','',0,'','0312-9029954','Male','1539961489','2018-10-19',NULL,'','UnFreeze'),
('ARTT-484','82076',NULL,60,484,'Shahab Qadir',NULL,NULL,'Abdul Qadir Shah','','','0311-8331448','',0,'','0332-3096274','Male','1540011518','2018-10-19',NULL,'','UnFreeze'),
('ARTT-485','94942',NULL,60,485,'Shaheer',NULL,NULL,'Abdul Rauf','','','0331-2535060','',0,'','0331-2535060','Male','1540011899','2018-10-19',NULL,'','UnFreeze'),
('ARTT-486','98350',NULL,60,486,'Shahram Abdul Raheem',NULL,NULL,'Abdul Raheem','','','0313-2190653','',0,'','0312-8939496','Male','1540012077','2018-10-19',NULL,'','UnFreeze'),
('ARTT-487','98535',NULL,60,487,'Shahrukh Ramzan',NULL,NULL,'M.Ramzan','','','0313-2600013','',0,'','0315-4397913','Male','1540015325','2018-10-19',NULL,'','UnFreeze'),
('ARTT-488','105367',NULL,60,488,'Shahryar Ahmed',NULL,NULL,'Shakil Ahmed','','','0332-23414517','',0,'','0332-23414517','Male','1540015419','2018-10-19',NULL,'','UnFreeze'),
('ARTT-489','87895',NULL,60,489,'Shahryar Shaikh',NULL,NULL,'Shakeel Shaikh','','','0321-2237046','',0,'','0300-3608680','Male','1540015499','2018-10-19',NULL,'','UnFreeze'),
('ARTT-490','99873',NULL,60,490,'Shahwaiz Abid',NULL,NULL,'Abid Asmat','','','0321-2784613','',0,'','0331-2131234','Male','1540015573','2018-10-19',NULL,'','UnFreeze'),
('ARTT-491','98341',NULL,60,491,'Shahzaib Khan',NULL,NULL,'M.Tariq Khan','','','0323-2611621','',0,'','0312-2245614','Male','1540015672','2018-10-19',NULL,'','UnFreeze'),
('ARTT-492','90478',NULL,60,492,'Shahzaib Raza',NULL,NULL,'Mumtaz Ali','','','0300-2235513','',0,'','0317-0270376','Male','1540015751','2018-10-19',NULL,'','UnFreeze'),
('ARTT-493','81755',NULL,60,493,'Shaikh Muhammad Mohsin',NULL,NULL,'Muhammad Aslam','','','0316-1136922','',0,'','0334-3234077','Male','1540015862','2018-10-19',NULL,'','UnFreeze'),
('ARTT-494','102311',NULL,60,494,'Shajia Irshad',NULL,NULL,'Irshad Ur Rehman','','','0334-3749076','',0,'','0335-3905406','Male','1540015950','2018-10-19',NULL,'','UnFreeze'),
('ARTT-495','94898',NULL,60,495,'Shakir Ullah',NULL,NULL,'Din Muhammad ','','','0317-2850909','',0,'','0332-9242407','Male','1540016077','2018-10-19',NULL,'','UnFreeze'),
('ARTT-496','103866',NULL,60,496,'Shameer Nasir',NULL,NULL,'Kpkab Nadeem','','','0345-2391739','',0,'','0346-2632806','Male','1540016174','2018-10-19',NULL,'','UnFreeze'),
('ARTT-497','102344',NULL,60,497,'Shaniyal Ali',NULL,NULL,'Ali Muhammad','','','0334-2478234','',0,'','0336-2558526','Male','1540016248','2018-10-19',NULL,'','UnFreeze'),
('ARTT-498','97047',NULL,60,498,'Shanza Javaid',NULL,NULL,'Javaid Akhtar','','','0300-2514503','',0,'','0335-7195983','Male','1540016308','2018-10-19',NULL,'','UnFreeze'),
('ARTT-499','101789',NULL,60,499,'Sharan Kumar',NULL,NULL,'Indar Lal','','','0301-3258795','',0,'','0307-3775230','Male','1540016391','2018-10-19',NULL,'','UnFreeze'),
('ARTT-500','89027',NULL,60,500,'Shayan Ali',NULL,NULL,'Zaheer Hussain','','','0334-3125761','',0,'','0314-2261342','Male','1540016494','2018-10-19',NULL,'','UnFreeze'),
('ARTT-501','94130',NULL,60,501,'Shazma Javaid',NULL,NULL,'M.Javaid Iqbal Awan','','','0336-9931400','',0,'','0334-1124998','Male','1540016554','2018-10-19',NULL,'','UnFreeze'),
('ARTT-502','98314',NULL,60,502,'Shehryar Ahmed',NULL,NULL,'Saeed Ahmed','','','0336-2477052','',0,'','0316-1606616','Male','1540016615','2018-10-19',NULL,'','UnFreeze'),
('ARTT-503','104667',NULL,60,503,'Sheroz Taimuri',NULL,NULL,'Sami Uddin Taimuri','','','0306-2660089','',0,'','0306-2660089','Male','1540016684','2018-10-19',NULL,'','UnFreeze'),
('ARTT-504','95761',NULL,60,504,'Shoaib Khan',NULL,NULL,'Muhammad Ismail','','','0335-3271915','',0,'','0311-2546750','Male','1540016760','2018-10-19',NULL,'','UnFreeze'),
('ARTT-505','97107',NULL,60,505,'Sidra Rafiq',NULL,NULL,'Muhammad Rafiq','','','0322-3678152','',0,'','0321-2329441','Male','1540016837','2018-10-19',NULL,'','UnFreeze'),
('ARTT-506','101442',NULL,60,506,'Sidra Saleem',NULL,NULL,'Muhammad Saleem','','','0334-0317840','',0,'','0348-0238077','Male','1540017556','2018-10-19',NULL,'','UnFreeze'),
('ARTT-507','96461',NULL,60,507,'Simran',NULL,NULL,'Aftab Ahmed','','','0331-2409779','',0,'','0340-2385020','Male','1540017654','2018-10-19',NULL,'','UnFreeze'),
('ARTT-508','100193',NULL,60,508,'Sohaib Ahmed Soomro',NULL,NULL,'Maqbool Ahmed Soomro','','','0332-2519004','',0,'','0335-2645929','Male','1540017717','2018-10-19',NULL,'','UnFreeze'),
('ARTT-509','90494',NULL,60,509,'Sohail Ahmed',NULL,NULL,'Ashfaq Ahmed','','','0321-3023546','',0,'','0322-3003693','Male','1540017845','2018-10-19',NULL,'','UnFreeze'),
('ARTT-510','101750',NULL,60,510,'Sohail Ahmed',NULL,NULL,'Tariq Javed','','','0320-5734455','',0,'','0320-5734466','Male','1540017963','2018-10-19',NULL,'','UnFreeze'),
('ARTT-511','101751',NULL,60,511,'Subha Jahangir',NULL,NULL,'Jahangir ','','','0300-2615928','',0,'','0308-2685997','Male','1540018055','2018-10-19',NULL,'','UnFreeze'),
('ARTT-512','Sudais Asif',NULL,60,512,'0311-2291772',NULL,NULL,'0324-2096953','','','0324-2096953','',0,'','Sheherbano Haroon','Male','1540018151','2018-10-19',NULL,'','UnFreeze'),
('ARTT-513','106399',NULL,60,513,'Sufiyan',NULL,NULL,'Muhammad Arif','','','0345-2344691','',0,'','0315-5546688','Male','1540018219','2018-10-19',NULL,'','UnFreeze'),
('ARTT-514','Sumaira',NULL,60,514,'0304-2350142',NULL,NULL,'0335-2035183','','','0335-2035183','',0,'','Muhammad Saleem','Male','1540018282','2018-10-19',NULL,'','UnFreeze'),
('ARTT-515','92822',NULL,60,515,'Sumbal',NULL,NULL,'M.Shafiq','','','0300-8219678','',0,'','0313-8517737','Male','1540018366','2018-10-19',NULL,'','UnFreeze'),
('ARTT-516','86583',NULL,60,516,'Sumbul Khan',NULL,NULL,'Maqbool Ahmed Khan','','','0334-3010595','',0,'','0348-2200386','Male','1540018429','2018-10-19',NULL,'','UnFreeze'),
('ARTT-517','Sumra',NULL,60,517,'0331-2279970',NULL,NULL,'Muhammad Aslam','','','0331-2279970','',0,'','Muhammad Aslam','Male','1540018513','2018-10-19',NULL,'','UnFreeze'),
('ARTT-518','55297',NULL,60,518,'Sumreen Sarwar',NULL,NULL,'Ghulam Sarwar','','','0321-8950016','',0,'','0334-3083379','Male','1540018604','2018-10-19',NULL,'','UnFreeze'),
('ARTT-519','88087',NULL,60,519,'Sunny Kumar',NULL,NULL,'Shaman Dass','','','0316-3161092','',0,'','0301-2376735','Male','1540018668','2018-10-19',NULL,'','UnFreeze'),
('ARTT-520','104505',NULL,60,520,'Syed Ahmed Sultan',NULL,NULL,'Syed Sultan Mehmood','','','0333-2263531','',0,'','0348-2069984','Male','1540018732','2018-10-19',NULL,'','UnFreeze'),
('ARTT-521','99091',NULL,60,521,'Syed Ahsan Ali',NULL,NULL,'Syed Masood Ali','','','0312-2095214','',0,'','0312-9216282','Male','1540018809','2018-10-19',NULL,'','UnFreeze'),
('ARTT-522','95733',NULL,60,522,'Syed Ali Shabbar Naqvi',NULL,NULL,'Syed Manzar Hussain Naqvi','','','0347-2731314','',0,'','0331-2731316','Male','1540018911','2018-10-19',NULL,'','UnFreeze'),
('ARTT-523','101982',NULL,60,523,'Syed Bilal Ali',NULL,NULL,'Syed Aftab Hussain','','','0333-3776624','',0,'','0310-2441373','Male','1540019001','2018-10-19',NULL,'','UnFreeze'),
('ARTT-524','95919',NULL,60,524,'Syed Bilal Rehan',NULL,NULL,'Syed Rehan Ahmed','','','0315-8573908','',0,'','0301-2817846','Male','1540019071','2018-10-19',NULL,'','UnFreeze'),
('ARTT-525','104429',NULL,60,525,'Syed Hadi Ul Haq',NULL,NULL,'Syed Mansoor Ul Haq','','','0345-3344076','',0,'','0333-3893896','Male','1540019152','2018-10-19',NULL,'','UnFreeze'),
('ARTT-526','96960',NULL,60,526,'Syed Haider Abbas',NULL,NULL,'Syed Tahir Abbas','','','0333-8285582','',0,'','0321-2153188','Male','1540019222','2018-10-19',NULL,'','UnFreeze'),
('ARTT-527','92527',NULL,60,527,'Syed Irshad Ali',NULL,NULL,'v','','','0345-2138846','',0,'','0313-2804323','Male','1540019283','2018-10-19',NULL,'','UnFreeze'),
('ARTT-528','94452',NULL,60,528,'Syed Jahanzaib Rafi',NULL,NULL,'S.M.Rafi Uddin','','','0335-3278151','',0,'','0335-3278151','Male','1540019439','2018-10-19',NULL,'','UnFreeze'),
('ARTT-529','85520',NULL,60,529,'Syed Khizar Humayou',NULL,NULL,'Syed Humayou Iqbal','','','01335-2529502','',0,'','0315-2080907','Male','1540019518','2018-10-19',NULL,'','UnFreeze'),
('ARTT-530','102814',NULL,60,530,'Syed Kumail Abbas',NULL,NULL,'Syed Kausar Abbas','','','0332-3433263','',0,'','0335-3927110','Male','1540019631','2018-10-19',NULL,'','UnFreeze'),
('ARTT-531','99496',NULL,60,531,'Syed Maaz Hassan',NULL,NULL,'Syed Mujtaba Hassan','','','0333-2688603','',0,'','0313-3517884','Male','1540019787','2018-10-19',NULL,'','UnFreeze'),
('ARTT-532','101136',NULL,60,532,'Syed Mohammad Faizan',NULL,NULL,'Syed Muhammad Shamim','','','0331-2337428','',0,'','0317-4705176','Male','1540019854','2018-10-19',NULL,'','UnFreeze'),
('ARTT-533','100077',NULL,60,533,'Syed Muhammad Aley Raza',NULL,NULL,'Syed Aley Hussain','','','0334-0203837','',0,'','0331-9991228','Male','1540019967','2018-10-19',NULL,'','UnFreeze'),
('ARTT-534','99640',NULL,60,534,'Syed Muhammad Asfand',NULL,NULL,'Syed Asadullah','','','0313-0393231','',0,'','0300-0367774','Male','1540020074','2018-10-19',NULL,'','UnFreeze'),
('ARTT-535','99650',NULL,60,535,'Syed Muhammad Musabbir',NULL,NULL,'Muhammad Faisal','','','0334-3957574','',0,'','0312-8925504','Male','1540020319','2018-10-19',NULL,'','UnFreeze'),
('ARTT-536','96803',NULL,60,536,'Syed Muhammad Omer',NULL,NULL,'Syed Aqeel Majid','','','0317-2955312','',0,'','0332-2349482','Male','1540020384','2018-10-19',NULL,'','UnFreeze'),
('ARTT-537','102007',NULL,60,537,'Syed Muhammad Tauha Ahmed',NULL,NULL,'Syed Noman Ahmed','','','0316-1126883','',0,'','0312-2005594','Male','1540020583','2018-10-19',NULL,'','UnFreeze'),
('ARTT-538','104107',NULL,60,538,'Syed Muhammad Umer Tirmizi',NULL,NULL,'Syed Muhammad Jawaid Tirmizi','','','0335-2257274','',0,'','0332-8057538','Male','1540020670','2018-10-19',NULL,'','UnFreeze'),
('ARTT-539','102844',NULL,60,539,'Syed Mustafa Tariq',NULL,NULL,'Tariq Ali','','','0336-2801376','',0,'','0336-8281791','Male','1540020756','2018-10-19',NULL,'','UnFreeze'),
('ARTT-540','103836',NULL,60,540,'Syed Naqi Raza',NULL,NULL,'Syed Shahid Abbas','','','0300-2423877','',0,'','0312-2914884','Male','1540020829','2018-10-19',NULL,'','UnFreeze'),
('ARTT-541','95005',NULL,60,541,'Syed Nawaz Ali Shah',NULL,NULL,'Sikander Ali Shah','','','0300-9319034','',0,'','0313-6493870','Male','1540020963','2018-10-19',NULL,'','UnFreeze'),
('ARTT-542','103773',NULL,60,542,'Syed Shahryar Ahmed',NULL,NULL,'Afzaal Ahmed','','','0322-2532153','',0,'','0334-7133726','Male','1540021040','2018-10-19',NULL,'','UnFreeze'),
('ARTT-543','94132',NULL,60,543,'Syed Shahzad',NULL,NULL,'Hasan Abbas','','','0336-2144094','',0,'','0331-0322164','Male','1540021139','2018-10-19',NULL,'','UnFreeze'),
('ARTT-544','104960',NULL,60,544,'Syed Shayan Raza Bilgrami',NULL,NULL,'Syed Nadir Raza','','','0305-2059406','',0,'','0305-2649772','Male','1540021214','2018-10-19',NULL,'','UnFreeze'),
('ARTT-545','99086',NULL,60,545,'Syed Taha Ali',NULL,NULL,'Syed Irfan Ali','','','0331-3395514','',0,'','0311-6639945','Male','1540021351','2018-10-19',NULL,'','UnFreeze'),
('ARTT-546','92341',NULL,60,546,'Syed Talha Ali',NULL,NULL,'Syed Jawed Ali','','','0300-9283328','',0,'','0311-2979676','Male','1540021429','2018-10-19',NULL,'','UnFreeze'),
('ARTT-547','87732',NULL,60,547,'Syed Talha Mazhar',NULL,NULL,'Syed Mazhar Ali','','','0300-2355358','',0,'','0333-4891205','Male','1540021590','2018-10-19',NULL,'','UnFreeze'),
('ARTT-548','105634',NULL,60,548,'Syed Talha Uddin',NULL,NULL,'Syed Najm Uddin','','','0331-7529918','',0,'','0332-3901189','Male','1540021795','2018-10-19',NULL,'','UnFreeze'),
('ARTT-549','84749',NULL,60,549,'Syed Umer Anwer',NULL,NULL,'Syed Meraj Anwer','','','0333-3005991','',0,'','0336-3183849','Male','1540021874','2018-10-19',NULL,'','UnFreeze'),
('ARTT-550','104506',NULL,60,550,'Syed Usman Ali',NULL,NULL,'Syed Amir Ali','','','0322-2431419','',0,'','0303-2122331','Male','1540022012','2018-10-19',NULL,'','UnFreeze'),
('ARTT-551','101924',NULL,60,551,'Syed Veheb Hussain',NULL,NULL,'Syed Tanzeem Hussain','','','0336-2114827','',0,'','0331-1386929','Male','1540022286','2018-10-19',NULL,'','UnFreeze'),
('ARTT-552','90412',NULL,60,552,'Syeda Batool Zehra Zaidi',NULL,NULL,'Syed Qaiser Abbas','','','0331-2618964','',0,'','0300-2702769','Male','1540022413','2018-10-19',NULL,'','UnFreeze'),
('ARTT-553','104039',NULL,60,553,'0322-9242766',NULL,NULL,'Syed Iqbal Haider','','','0336-1001070','',0,'','Syed Iqbal Haider','Male','1540022543','2018-10-19',NULL,'','UnFreeze'),
('ARTT-554','97889',NULL,60,554,'Syeed Talha Hassan',NULL,NULL,'Syed Siraj Ul Hassan','','','0335-0354877','',0,'','0335-2426510','Male','1540022621','2018-10-19',NULL,'','UnFreeze'),
('ARTT-555','101244',NULL,60,555,'Taha Shakil',NULL,NULL,'Shakil Ahmed','','','0323-2519763','',0,'','0323-2519763','Male','1540022683','2018-10-19',NULL,'','UnFreeze'),
('ARTT-556','99278',NULL,60,556,'Taha Yousuf',NULL,NULL,'Yousuf Noorddin','','','0300-3452152','',0,'','0300-2786080','Male','1540022754','2018-10-19',NULL,'','UnFreeze'),
('ARTT-557','92348',NULL,60,557,'Talha Ahmed',NULL,NULL,'Azfar Ahmed','','','0300-2650868','',0,'','0332-0033060','Male','1540022824','2018-10-19',NULL,'','UnFreeze'),
('ARTT-558','90682',NULL,60,558,'Talha Ahmed',NULL,NULL,'Muhammad Abid','','','0304-0301997','',0,'','0333-2230700','Male','1540022881','2018-10-19',NULL,'','UnFreeze'),
('ARTT-559','88906',NULL,60,559,'Talha Arsalan ',NULL,NULL,'Feroz Ahmed Ansari','','','0300-2857970','',0,'','0334-3976053','Male','1540023457','2018-10-19',NULL,'','UnFreeze'),
('ARTT-560','94875',NULL,60,560,'Talha Aslam',NULL,NULL,'M.Aslam','','','0301-8373497','',0,'','0336-2525884','Male','1540023517','2018-10-19',NULL,'','UnFreeze'),
('ARTT-561','92540',NULL,60,561,'Talha Durrani',NULL,NULL,'Zafar Ahmed Khan Durrani','','','0333-2264851','',0,'','0331-2337866','Male','1540023626','2018-10-19',NULL,'','UnFreeze'),
('ARTT-562','95690',NULL,60,562,'Tariq',NULL,NULL,'Muhammad Jawed','','','0332-3545167','',0,'','0348-3115829','Male','1540027132','2018-10-19',NULL,'','UnFreeze'),
('ARTT-563','96914',NULL,60,563,'Taseer Ali Khan',NULL,NULL,'Nasir Ali Khan','','','0341-2105541','',0,'','0332-3005387','Male','1540027233','2018-10-19',NULL,'','UnFreeze'),
('ARTT-564','Tayya104438b Bilal',NULL,60,564,'Tayyab Bilal',NULL,NULL,'Muhammad Farhat Bilal','','','0311-2279815','',0,'','0333-1023318','Male','1540027347','2018-10-19',NULL,'','UnFreeze'),
('ARTT-565','96866',NULL,60,565,'Tayyab Tahir',NULL,NULL,'Tahir Rasheed','','','0333-6017171','',0,'','0336-1222018','Male','1540027425','2018-10-19',NULL,'','UnFreeze'),
('ARTT-566','100452',NULL,60,566,'Tehrim Iqbal',NULL,NULL,'Muhammad Salim Iqbal','','','0332-1414666','',0,'','0336-2297368','Male','1540027505','2018-10-19',NULL,'','UnFreeze'),
('ARTT-567','104037',NULL,60,567,'Tufail Ahmed',NULL,NULL,'Ahmed Nawaz','','','0333-7502171','',0,'','0335-1257667','Male','1540027692','2018-10-19',NULL,'','UnFreeze'),
('ARTT-568','100266',NULL,60,568,'Umer Taufiq',NULL,NULL,'Muhammad Taufiq','','','0334-2850185','',0,'','0335-8102350','Male','1540027892','2018-10-19',NULL,'','UnFreeze'),
('ARTT-569','64145',NULL,60,569,'Uniba Tabassum',NULL,NULL,'Shaukat Husain','','','0321-2937658','',0,'','0322-2464243','Male','1540027982','2018-10-19',NULL,'','UnFreeze'),
('ARTT-570','99021',NULL,60,570,'Usama',NULL,NULL,'Yousuf','','','0336-2102516','',0,'','0348-2077057','Male','1540028151','2018-10-19',NULL,'','UnFreeze'),
('ARTT-571','99344',NULL,60,571,'Usama Sarfaraz',NULL,NULL,'M.Sarfaraz','','','0300-2808097','',0,'','0331-6519411','Male','1540028284','2018-10-19',NULL,'','UnFreeze'),
('ARTT-572','94145',NULL,60,572,'Usman Tariq Khan',NULL,NULL,'Traiq Manzoor Khan','','','0314-8601061','',0,'','0314-8601061','Male','1540028485','2018-10-19',NULL,'','UnFreeze'),
('ARTT-573','97424',NULL,60,573,'Wajahat Awan',NULL,NULL,'Sabir Hussain Awan','','','0305-5754868','',0,'','0306-3490152','Male','1540028553','2018-10-19',NULL,'','UnFreeze'),
('ARTT-574','101441',NULL,60,574,'Wajiha Nasir',NULL,NULL,'Muhammad Nasir','','','0300-2728002','',0,'','0345-6128094','Male','1540028727','2018-10-19',NULL,'','UnFreeze'),
('ARTT-575','91951',NULL,60,575,'Waleed Hasan',NULL,NULL,'Nasir Hasan','','','0333-3000951','',0,'','0335-3658051','Male','1540028887','2018-10-19',NULL,'','UnFreeze'),
('ARTT-576','95184',NULL,60,576,'Waqar Hussain',NULL,NULL,'M.Husain','','','0300-6042363','',0,'','0300-6042363','Male','1540029042','2018-10-19',NULL,'','UnFreeze'),
('ARTT-577','99071',NULL,60,577,'Wasib Ali',NULL,NULL,'Asghar Ali','','','0302-3207277','',0,'','0306-2393430','Male','1540029532','2018-10-19',NULL,'','UnFreeze'),
('ARTT-578','99970',NULL,60,578,'Werdah',NULL,NULL,'Syed Masood Ahmed','','','0321-2995043','',0,'','0322-2344899','Male','1540029802','2018-10-19',NULL,'','UnFreeze'),
('ARTT-579','101796',NULL,60,579,'Yamina Aslam',NULL,NULL,'Muhammad Aslam','','','0334-1115202','',0,'','0334-1115202','Male','1540029945','2018-10-19',NULL,'','UnFreeze'),
('ARTT-580','91948',NULL,60,580,'Yamna Arif',NULL,NULL,'Arif Naqvi','','','0346-2731402','',0,'','0346-2731402','Male','1540030050','2018-10-19',NULL,'','UnFreeze'),
('ARTT-581','96751',NULL,60,581,'Yusra Farhan Syed',NULL,NULL,'Syed Muhammad Farhan','','','0332-3795841','',0,'','0345-2650724','Male','1540030331','2018-10-19',NULL,'','UnFreeze'),
('ARTT-582','80248',NULL,60,582,'Zafar Iqbal',NULL,NULL,'Sufi Muhammad Alam','','','0334-2181393','',0,'','0340-3590254','Male','1540032640','2018-10-19',NULL,'','UnFreeze'),
('ARTT-583','99342',NULL,60,583,'Zahid Hussain',NULL,NULL,'Khadim Hussain','','','0301-7249055','',0,'','0301-7249055','Male','1540032709','2018-10-19',NULL,'','UnFreeze'),
('ARTT-584','94245',NULL,60,584,'Zain Mustafa',NULL,NULL,'Muhammad Munaf','','','0313-2976878','',0,'','0333-3113808','Male','1540032835','2018-10-19',NULL,'','UnFreeze'),
('ARTT-585','94160',NULL,60,585,'Zainab',NULL,NULL,'Muhammad Iftikhar','','','0312-8459334','',0,'','0312-3747865','Male','1540032899','2018-10-19',NULL,'','UnFreeze'),
('ARTT-586','97431',NULL,60,586,'Zawar Alam',NULL,NULL,'Perveez Alam','','','0321-3856001','',0,'','0335-2840479','Male','1540032962','2018-10-19',NULL,'','UnFreeze'),
('ARTT-587','94287',NULL,60,587,'Zeeshan Ahmed',NULL,NULL,'Muhammad Ahmed','','','0333-3832001','',0,'','0333-3831998','Male','1540033045','2018-10-19',NULL,'','UnFreeze'),
('ARTT-588','86263',NULL,60,588,'Zeeshan Husain',NULL,NULL,'Mohammad Hussain','','','0312-2675532','',0,'','0342-2133731','Male','1540033160','2018-10-19',NULL,'','UnFreeze'),
('ARTT-589','99430',NULL,60,589,'Zoha Sajid',NULL,NULL,'Sajid Ali','','','0301-2693452','',0,'','0333-3648699','Male','1540033224','2018-10-19',NULL,'','UnFreeze'),
('ARTT-590','98779',NULL,60,590,'Zubair Ahmed',NULL,NULL,'llah Bachayo','','','0303-3475214','',0,'','0304-3825785','Male','1540033293','2018-10-19',NULL,'','UnFreeze'),
('ARTT-591','99747',NULL,60,591,'Zulqurnain Sajid',NULL,NULL,'Sajjid Mahmood','','','0311-2518732','',0,'','0332-7928088','Male','1540033359','2018-10-19',NULL,'','UnFreeze'),
('ARTT-592','97546',NULL,60,592,'Abdur Rauf',NULL,NULL,'Abdul Jabbar','','','0302-2261496','',0,'','0315-2023952','Male','1540193415','0000-00-00',NULL,'','UnFreeze'),
('ARTT-593','88932',NULL,60,593,'Akshay',NULL,NULL,'Ashok Kumar','','','0334-3766804','',0,'','0334-3238221','Male','1540195933','2018-10-18',NULL,'','UnFreeze'),
('ARTT-595','105017',NULL,60,595,'Muhammad Shahryar Siddiqui',NULL,NULL,'Muhammad Iqbal','','','0321-2281764','',0,'','0331-3682823','Male','1540295853','0000-00-00',' ','','UnFreeze'),
('ARTT-596','91550',NULL,60,596,'Shaikh Mubashir Ahmed',NULL,NULL,'Shaikh Ateeq Ahmed','','','0336-3780886','',0,'','0322-2628025','Male','1540364992','0000-00-00',NULL,'','UnFreeze'),
('ARTT-597','51645',NULL,60,597,'Sikandar Ali',NULL,NULL,'Jhoro Khan','','','0331-2785418','',0,'','0331-2785418','Male','1540366292','0000-00-00',NULL,'','UnFreeze'),
('ARTT-598','105046',NULL,60,598,'Sudais Asif',NULL,NULL,'Sheherbano Haroon','','','0324-2096953','',0,'','0311-2291772','Male','1540367906','0000-00-00',NULL,'','UnFreeze'),
('ARTT-599','85568',NULL,60,599,'Sumaira',NULL,NULL,'Muhammad Saleem','','','0335-2035183','',0,'','0304-2350142','Male','1540368167','0000-00-00',NULL,'','UnFreeze'),
('ARTT-600','102371',NULL,60,600,'Sumra',NULL,NULL,'Muhammad Aslam','','','0331-2279970','',0,'','0331-2279970','Male','1540368444','0000-00-00',NULL,'','UnFreeze'),
('ARTT-601','100999',NULL,60,601,'Uzair Hashim',NULL,NULL,'Hashim Abdul Ghaffar','','','0301-8298742','',0,'','0323-2154083','Male','1540374987','0000-00-00',NULL,'','UnFreeze'),
('ARTT-604','101203',NULL,60,604,'Zain Abdul Razzak',NULL,NULL,'Abdul Razzak','','','0300-920346','',0,'','0343-2180085','Male','1540376444','0000-00-00',NULL,'','UnFreeze'),
('ARTT-605','102626',NULL,60,605,'Afnan Zafar',NULL,NULL,'M.Zafar','','','0321-3745438','',0,'','0321-2321089','Male','1540650788','0000-00-00',NULL,'','Ragular'),
('ARTT-606','103347',NULL,60,606,'Danyal Shaikh',NULL,NULL,'Muhammad Ahmed Shaikh','','','0333-2091498','',0,'','0332-8217312','Male','1540656452','0000-00-00',NULL,'','Ragular'),
('ARTT-607','555',NULL,60,607,'',NULL,NULL,'Muhammad Iqbal','','','','',0,'','','Male','1540657536','0000-00-00',NULL,'','Ragular'),
('ARTT-608','505',NULL,60,608,'Ansar',NULL,NULL,'Usman','','2222222','1212323123','',675765,'tt@artt.com','9999999999999999','Male','1540796678','2018-10-02',NULL,'','Ragular');

/*Table structure for table `student2` */

DROP TABLE IF EXISTS `student2`;

CREATE TABLE `student2` (
  `artt_id` varchar(23) NOT NULL
) ENGINE=InnoDB DEFAULT CHARSET=latin1;

/*Data for the table `student2` */

insert  into `student2`(`artt_id`) values 
('34'),
('saab');

/*Table structure for table `tbl_last_login` */

DROP TABLE IF EXISTS `tbl_last_login`;

CREATE TABLE `tbl_last_login` (
  `id` bigint(20) DEFAULT NULL,
  `userId` bigint(20) DEFAULT NULL,
  `sessionData` varchar(6144) DEFAULT NULL,
  `machineIp` varchar(3072) DEFAULT NULL,
  `userAgent` varchar(384) DEFAULT NULL,
  `agentString` varchar(3072) DEFAULT NULL,
  `platform` varchar(384) DEFAULT NULL,
  `createdDtm` datetime DEFAULT NULL
) ENGINE=InnoDB DEFAULT CHARSET=latin1;

/*Data for the table `tbl_last_login` */

insert  into `tbl_last_login`(`id`,`userId`,`sessionData`,`machineIp`,`userAgent`,`agentString`,`platform`,`createdDtm`) values 
(1,1,'{\"role\":\"1\",\"roleText\":\"System Administrator\",\"name\":\"System Administrator\"}','::1','Chrome 69.0.3497.100','Mozilla/5.0 (Windows NT 6.3; Win64; x64) AppleWebKit/537.36 (KHTML, like Gecko) Chrome/69.0.3497.100 Safari/537.36','Windows 8.1','2018-10-02 14:46:54'),
(2,1,'{\"role\":\"1\",\"roleText\":\"ARTT Owners\",\"name\":\"ARTT Owners\"}','::1','Chrome 69.0.3497.100','Mozilla/5.0 (Windows NT 6.3; Win64; x64) AppleWebKit/537.36 (KHTML, like Gecko) Chrome/69.0.3497.100 Safari/537.36','Windows 8.1','2018-10-02 21:19:19'),
(3,9,'{\"role\":\"2\",\"roleText\":\"Manager\",\"name\":\"Ali\"}','::1','Chrome 69.0.3497.100','Mozilla/5.0 (Windows NT 6.3; Win64; x64) AppleWebKit/537.36 (KHTML, like Gecko) Chrome/69.0.3497.100 Safari/537.36','Windows 8.1','2018-10-02 21:20:17'),
(4,1,'{\"role\":\"1\",\"roleText\":\"ARTT Owners\",\"name\":\"ARTT Owners\"}','::1','Chrome 69.0.3497.100','Mozilla/5.0 (Windows NT 6.3; Win64; x64) AppleWebKit/537.36 (KHTML, like Gecko) Chrome/69.0.3497.100 Safari/537.36','Windows 8.1','2018-10-02 21:21:09'),
(5,11,'{\"role\":\"4\",\"roleText\":\"Student\",\"name\":\"Saif\"}','::1','Chrome 69.0.3497.100','Mozilla/5.0 (Windows NT 6.3; Win64; x64) AppleWebKit/537.36 (KHTML, like Gecko) Chrome/69.0.3497.100 Safari/537.36','Windows 8.1','2018-10-02 21:38:01'),
(6,1,'{\"role\":\"1\",\"roleText\":\"ARTT Owners\",\"name\":\"ARTT Owners\"}','::1','Chrome 69.0.3497.100','Mozilla/5.0 (Windows NT 6.3; Win64; x64) AppleWebKit/537.36 (KHTML, like Gecko) Chrome/69.0.3497.100 Safari/537.36','Windows 8.1','2018-10-02 21:39:38'),
(7,13,'{\"role\":\"1\",\"roleText\":\"ARTT Owners\",\"name\":\"Tariq Tanoli\"}','::1','Chrome 69.0.3497.100','Mozilla/5.0 (Windows NT 6.3; Win64; x64) AppleWebKit/537.36 (KHTML, like Gecko) Chrome/69.0.3497.100 Safari/537.36','Windows 8.1','2018-10-02 21:47:18'),
(8,14,'{\"role\":\"1\",\"roleText\":\"ARTT Owners\",\"name\":\"Ahmed Raza \"}','::1','Chrome 69.0.3497.100','Mozilla/5.0 (Windows NT 6.3; Win64; x64) AppleWebKit/537.36 (KHTML, like Gecko) Chrome/69.0.3497.100 Safari/537.36','Windows 8.1','2018-10-02 21:48:08'),
(9,15,'{\"role\":\"2\",\"roleText\":\"Manager\",\"name\":\"Rehan\"}','::1','Chrome 69.0.3497.100','Mozilla/5.0 (Windows NT 6.3; Win64; x64) AppleWebKit/537.36 (KHTML, like Gecko) Chrome/69.0.3497.100 Safari/537.36','Windows 8.1','2018-10-02 21:51:20'),
(10,14,'{\"role\":\"1\",\"roleText\":\"ARTT Owners\",\"name\":\"Ahmed Raza \"}','::1','Chrome 69.0.3497.100','Mozilla/5.0 (Windows NT 6.3; Win64; x64) AppleWebKit/537.36 (KHTML, like Gecko) Chrome/69.0.3497.100 Safari/537.36','Windows 8.1','2018-10-02 21:51:49'),
(11,14,'{\"role\":\"1\",\"roleText\":\"ARTT Owners\",\"name\":\"Ahmed Raza \"}','::1','Chrome 69.0.3497.100','Mozilla/5.0 (Windows NT 6.3; Win64; x64) AppleWebKit/537.36 (KHTML, like Gecko) Chrome/69.0.3497.100 Safari/537.36','Windows 8.1','2018-10-02 21:57:16'),
(12,18,'{\"role\":\"5\",\"roleText\":\"Teacher\",\"name\":\"Arsalan Ali\"}','::1','Chrome 69.0.3497.100','Mozilla/5.0 (Windows NT 6.3; Win64; x64) AppleWebKit/537.36 (KHTML, like Gecko) Chrome/69.0.3497.100 Safari/537.36','Windows 8.1','2018-10-02 21:58:15'),
(13,13,'{\"role\":\"1\",\"roleText\":\"ARTT Owners\",\"name\":\"Tariq Tanoli\"}','::1','Chrome 69.0.3497.100','Mozilla/5.0 (Windows NT 6.3; Win64; x64) AppleWebKit/537.36 (KHTML, like Gecko) Chrome/69.0.3497.100 Safari/537.36','Windows 8.1','2018-10-03 11:35:39'),
(14,14,'{\"role\":\"1\",\"roleText\":\"ARTT Owners\",\"name\":\"Ahmed Raza \"}','::1','Chrome 69.0.3497.100','Mozilla/5.0 (Windows NT 6.3; Win64; x64) AppleWebKit/537.36 (KHTML, like Gecko) Chrome/69.0.3497.100 Safari/537.36','Windows 8.1','2018-10-03 12:02:49'),
(15,14,'{\"role\":\"1\",\"roleText\":\"ARTT Owners\",\"name\":\"Ahmed Raza \"}','::1','Chrome 69.0.3497.100','Mozilla/5.0 (Windows NT 6.3; Win64; x64) AppleWebKit/537.36 (KHTML, like Gecko) Chrome/69.0.3497.100 Safari/537.36','Windows 8.1','2018-10-03 12:04:58'),
(16,9,'{\"role\":\"2\",\"roleText\":\"Manager\",\"name\":\"Ali\"}','::1','Chrome 69.0.3497.100','Mozilla/5.0 (Windows NT 6.3; Win64; x64) AppleWebKit/537.36 (KHTML, like Gecko) Chrome/69.0.3497.100 Safari/537.36','Windows 8.1','2018-10-03 12:05:54'),
(17,15,'{\"role\":\"2\",\"roleText\":\"Manager\",\"name\":\"Rehan\"}','::1','Chrome 69.0.3497.100','Mozilla/5.0 (Windows NT 6.3; Win64; x64) AppleWebKit/537.36 (KHTML, like Gecko) Chrome/69.0.3497.100 Safari/537.36','Windows 8.1','2018-10-03 12:08:51'),
(18,15,'{\"role\":\"2\",\"roleText\":\"Manager\",\"name\":\"Rehan\"}','::1','Chrome 69.0.3497.100','Mozilla/5.0 (Windows NT 6.3; Win64; x64) AppleWebKit/537.36 (KHTML, like Gecko) Chrome/69.0.3497.100 Safari/537.36','Windows 8.1','2018-10-03 12:14:08'),
(19,18,'{\"role\":\"5\",\"roleText\":\"Teacher\",\"name\":\"Arsalan Ali\"}','::1','Chrome 69.0.3497.100','Mozilla/5.0 (Windows NT 6.3; Win64; x64) AppleWebKit/537.36 (KHTML, like Gecko) Chrome/69.0.3497.100 Safari/537.36','Windows 8.1','2018-10-03 12:35:08'),
(20,18,'{\"role\":\"5\",\"roleText\":\"Teacher\",\"name\":\"Arsalan Ali\"}','::1','Chrome 69.0.3497.100','Mozilla/5.0 (Windows NT 6.3; Win64; x64) AppleWebKit/537.36 (KHTML, like Gecko) Chrome/69.0.3497.100 Safari/537.36','Windows 8.1','2018-10-03 14:54:16'),
(21,9,'{\"role\":\"2\",\"roleText\":\"Manager\",\"name\":\"Ali\"}','::1','Chrome 69.0.3497.100','Mozilla/5.0 (Windows NT 6.3; Win64; x64) AppleWebKit/537.36 (KHTML, like Gecko) Chrome/69.0.3497.100 Safari/537.36','Windows 8.1','2018-10-03 15:01:31'),
(22,13,'{\"role\":\"1\",\"roleText\":\"ARTT Owners\",\"name\":\"Tariq Tanoli\"}','::1','Chrome 69.0.3497.100','Mozilla/5.0 (Windows NT 6.3; Win64; x64) AppleWebKit/537.36 (KHTML, like Gecko) Chrome/69.0.3497.100 Safari/537.36','Windows 8.1','2018-10-03 16:32:03'),
(23,13,'{\"role\":\"1\",\"roleText\":\"ARTT Owners\",\"name\":\"Tariq Tanoli\"}','::1','Chrome 69.0.3497.100','Mozilla/5.0 (Windows NT 6.3; Win64; x64) AppleWebKit/537.36 (KHTML, like Gecko) Chrome/69.0.3497.100 Safari/537.36','Windows 8.1','2018-10-03 16:35:47'),
(24,2,'{\"role\":\"2\",\"roleText\":\"Manager\",\"name\":\"Bsck Office Mgr.\"}','::1','Chrome 69.0.3497.100','Mozilla/5.0 (Windows NT 6.3; Win64; x64) AppleWebKit/537.36 (KHTML, like Gecko) Chrome/69.0.3497.100 Safari/537.36','Windows 8.1','2018-10-03 16:58:27'),
(25,2,'{\"role\":\"2\",\"roleText\":\"Manager\",\"name\":\"Bsck Office Mgr.\"}','::1','Chrome 69.0.3497.100','Mozilla/5.0 (Windows NT 6.3; Win64; x64) AppleWebKit/537.36 (KHTML, like Gecko) Chrome/69.0.3497.100 Safari/537.36','Windows 8.1','2018-10-03 16:58:47'),
(26,13,'{\"role\":\"1\",\"roleText\":\"ARTT Owners\",\"name\":\"Tariq Tanoli\"}','::1','Chrome 69.0.3497.100','Mozilla/5.0 (Windows NT 6.3; Win64; x64) AppleWebKit/537.36 (KHTML, like Gecko) Chrome/69.0.3497.100 Safari/537.36','Windows 8.1','2018-10-03 17:08:41'),
(27,2,'{\"role\":\"2\",\"roleText\":\"Manager\",\"name\":\"Bsck Office Mgr.\"}','::1','Chrome 69.0.3497.100','Mozilla/5.0 (Windows NT 6.3; Win64; x64) AppleWebKit/537.36 (KHTML, like Gecko) Chrome/69.0.3497.100 Safari/537.36','Windows 8.1','2018-10-03 17:09:42'),
(28,13,'{\"role\":\"1\",\"roleText\":\"ARTT Owners\",\"name\":\"Tariq Tanoli\"}','::1','Chrome 69.0.3497.100','Mozilla/5.0 (Windows NT 6.3; Win64; x64) AppleWebKit/537.36 (KHTML, like Gecko) Chrome/69.0.3497.100 Safari/537.36','Windows 8.1','2018-10-03 17:09:50'),
(29,13,'{\"role\":\"1\",\"roleText\":\"ARTT Owners\",\"name\":\"Tariq Tanoli\"}','::1','Chrome 69.0.3497.100','Mozilla/5.0 (Windows NT 6.3; Win64; x64) AppleWebKit/537.36 (KHTML, like Gecko) Chrome/69.0.3497.100 Safari/537.36','Windows 8.1','2018-10-03 17:10:12'),
(30,13,'{\"role\":\"1\",\"roleText\":\"ARTT Owners\",\"name\":\"Tariq Tanoli\"}','::1','Chrome 69.0.3497.100','Mozilla/5.0 (Windows NT 6.3; Win64; x64) AppleWebKit/537.36 (KHTML, like Gecko) Chrome/69.0.3497.100 Safari/537.36','Windows 8.1','2018-10-03 17:13:52'),
(31,15,'{\"role\":\"2\",\"roleText\":\"Manager\",\"name\":\"Rehan\"}','::1','Chrome 69.0.3497.100','Mozilla/5.0 (Windows NT 6.3; Win64; x64) AppleWebKit/537.36 (KHTML, like Gecko) Chrome/69.0.3497.100 Safari/537.36','Windows 8.1','2018-10-03 17:14:11'),
(32,13,'{\"role\":\"1\",\"roleText\":\"ARTT Owners\",\"name\":\"Tariq Tanoli\"}','::1','Chrome 69.0.3497.100','Mozilla/5.0 (Windows NT 6.3; Win64; x64) AppleWebKit/537.36 (KHTML, like Gecko) Chrome/69.0.3497.100 Safari/537.36','Windows 8.1','2018-10-03 17:18:53'),
(33,13,'{\"role\":\"1\",\"roleText\":\"ARTT Owners\",\"name\":\"Tariq Tanoli\"}','::1','Chrome 69.0.3497.100','Mozilla/5.0 (Windows NT 6.3; Win64; x64) AppleWebKit/537.36 (KHTML, like Gecko) Chrome/69.0.3497.100 Safari/537.36','Windows 8.1','2018-10-03 17:25:56'),
(34,13,'{\"role\":\"1\",\"roleText\":\"ARTT Owners\",\"name\":\"Tariq Tanoli\"}','::1','Chrome 69.0.3497.100','Mozilla/5.0 (Windows NT 6.3; Win64; x64) AppleWebKit/537.36 (KHTML, like Gecko) Chrome/69.0.3497.100 Safari/537.36','Windows 8.1','2018-10-03 17:26:45'),
(35,13,'{\"role\":\"1\",\"roleText\":\"ARTT Owners\",\"name\":\"Tariq Tanoli\"}','::1','Chrome 69.0.3497.100','Mozilla/5.0 (Windows NT 6.3; Win64; x64) AppleWebKit/537.36 (KHTML, like Gecko) Chrome/69.0.3497.100 Safari/537.36','Windows 8.1','2018-10-04 09:57:39'),
(36,15,'{\"role\":\"2\",\"roleText\":\"Manager\",\"name\":\"Rehan\"}','::1','Chrome 69.0.3497.100','Mozilla/5.0 (Windows NT 6.3; Win64; x64) AppleWebKit/537.36 (KHTML, like Gecko) Chrome/69.0.3497.100 Safari/537.36','Windows 8.1','2018-10-04 12:43:41'),
(37,13,'{\"role\":\"1\",\"roleText\":\"ARTT Owners\",\"name\":\"Tariq Tanoli\"}','::1','Chrome 69.0.3497.100','Mozilla/5.0 (Windows NT 6.3; Win64; x64) AppleWebKit/537.36 (KHTML, like Gecko) Chrome/69.0.3497.100 Safari/537.36','Windows 8.1','2018-10-04 12:49:07'),
(38,13,'{\"role\":\"1\",\"roleText\":\"ARTT Owners\",\"name\":\"Tariq Tanoli\"}','::1','Chrome 69.0.3497.100','Mozilla/5.0 (Windows NT 10.0; Win64; x64) AppleWebKit/537.36 (KHTML, like Gecko) Chrome/69.0.3497.100 Safari/537.36','Windows 10','2018-10-16 19:55:07'),
(39,13,'{\"role\":\"1\",\"roleText\":\"ARTT Owners\",\"name\":\"Tariq Tanoli\"}','::1','Chrome 69.0.3497.100','Mozilla/5.0 (Windows NT 10.0; Win64; x64) AppleWebKit/537.36 (KHTML, like Gecko) Chrome/69.0.3497.100 Safari/537.36','Windows 10','2018-10-17 11:07:13'),
(NULL,15,'{\"role\":\"2\",\"roleText\":\"Manager\",\"name\":\"Rehan\"}','::1','Chrome 69.0.3497.100','Mozilla/5.0 (Windows NT 10.0; Win64; x64) AppleWebKit/537.36 (KHTML, like Gecko) Chrome/69.0.3497.100 Safari/537.36','Windows 10',NULL),
(NULL,13,'{\"role\":\"1\",\"roleText\":\"ARTT Owners\",\"name\":\"Tariq Tanoli\"}','::1','Chrome 69.0.3497.100','Mozilla/5.0 (Windows NT 10.0; Win64; x64) AppleWebKit/537.36 (KHTML, like Gecko) Chrome/69.0.3497.100 Safari/537.36','Windows 10',NULL),
(NULL,15,'{\"role\":\"2\",\"roleText\":\"Manager\",\"name\":\"Rehan\"}','::1','Chrome 69.0.3497.100','Mozilla/5.0 (Windows NT 10.0; Win64; x64) AppleWebKit/537.36 (KHTML, like Gecko) Chrome/69.0.3497.100 Safari/537.36','Windows 10',NULL),
(NULL,13,'{\"role\":\"1\",\"roleText\":\"ARTT Owners\",\"name\":\"Tariq Tanoli\"}','::1','Chrome 69.0.3497.100','Mozilla/5.0 (Windows NT 10.0; Win64; x64) AppleWebKit/537.36 (KHTML, like Gecko) Chrome/69.0.3497.100 Safari/537.36','Windows 10',NULL),
(NULL,13,'{\"role\":\"1\",\"roleText\":\"ARTT Owners\",\"name\":\"Tariq Tanoli\"}','::1','Chrome 69.0.3497.100','Mozilla/5.0 (Windows NT 10.0; Win64; x64) AppleWebKit/537.36 (KHTML, like Gecko) Chrome/69.0.3497.100 Safari/537.36','Windows 10',NULL),
(NULL,13,'{\"role\":\"1\",\"roleText\":\"ARTT Owners\",\"name\":\"Tariq Tanoli\"}','::1','Chrome 69.0.3497.100','Mozilla/5.0 (Windows NT 10.0; Win64; x64) AppleWebKit/537.36 (KHTML, like Gecko) Chrome/69.0.3497.100 Safari/537.36','Windows 10',NULL),
(NULL,13,'{\"role\":\"1\",\"roleText\":\"ARTT Owners\",\"name\":\"Tariq Tanoli\"}','::1','Chrome 69.0.3497.100','Mozilla/5.0 (Windows NT 10.0; Win64; x64) AppleWebKit/537.36 (KHTML, like Gecko) Chrome/69.0.3497.100 Safari/537.36','Windows 10',NULL),
(NULL,13,'{\"role\":\"1\",\"roleText\":\"ARTT Owners\",\"name\":\"Tariq Tanoli\"}','::1','Chrome 69.0.3497.100','Mozilla/5.0 (Windows NT 10.0; Win64; x64) AppleWebKit/537.36 (KHTML, like Gecko) Chrome/69.0.3497.100 Safari/537.36','Windows 10',NULL),
(NULL,13,'{\"role\":\"1\",\"roleText\":\"ARTT Owners\",\"name\":\"Tariq Tanoli\"}','::1','Chrome 69.0.3497.100','Mozilla/5.0 (Windows NT 10.0; Win64; x64) AppleWebKit/537.36 (KHTML, like Gecko) Chrome/69.0.3497.100 Safari/537.36','Windows 10',NULL),
(NULL,13,'{\"role\":\"1\",\"roleText\":\"ARTT Owners\",\"name\":\"Tariq Tanoli\"}','::1','Chrome 69.0.3497.100','Mozilla/5.0 (Windows NT 10.0; Win64; x64) AppleWebKit/537.36 (KHTML, like Gecko) Chrome/69.0.3497.100 Safari/537.36','Windows 10',NULL),
(NULL,13,'{\"role\":\"1\",\"roleText\":\"ARTT Owners\",\"name\":\"Tariq Tanoli\"}','::1','Chrome 69.0.3497.100','Mozilla/5.0 (Windows NT 10.0; Win64; x64) AppleWebKit/537.36 (KHTML, like Gecko) Chrome/69.0.3497.100 Safari/537.36','Windows 10',NULL),
(NULL,13,'{\"role\":\"1\",\"roleText\":\"ARTT Owners\",\"name\":\"Tariq Tanoli\"}','::1','Chrome 69.0.3497.100','Mozilla/5.0 (Windows NT 10.0; Win64; x64) AppleWebKit/537.36 (KHTML, like Gecko) Chrome/69.0.3497.100 Safari/537.36','Windows 10',NULL),
(NULL,13,'{\"role\":\"1\",\"roleText\":\"ARTT Owners\",\"name\":\"Tariq Tanoli\"}','::1','Chrome 69.0.3497.100','Mozilla/5.0 (Windows NT 10.0; Win64; x64) AppleWebKit/537.36 (KHTML, like Gecko) Chrome/69.0.3497.100 Safari/537.36','Windows 10',NULL),
(NULL,13,'{\"role\":\"1\",\"roleText\":\"ARTT Owners\",\"name\":\"Tariq Tanoli\"}','::1','Chrome 69.0.3497.100','Mozilla/5.0 (Windows NT 10.0; Win64; x64) AppleWebKit/537.36 (KHTML, like Gecko) Chrome/69.0.3497.100 Safari/537.36','Windows 10',NULL),
(NULL,13,'{\"role\":\"1\",\"roleText\":\"ARTT Owners\",\"name\":\"Tariq Tanoli\"}','::1','Chrome 69.0.3497.100','Mozilla/5.0 (Windows NT 10.0; Win64; x64) AppleWebKit/537.36 (KHTML, like Gecko) Chrome/69.0.3497.100 Safari/537.36','Windows 10',NULL),
(NULL,13,'{\"role\":\"1\",\"roleText\":\"ARTT Owners\",\"name\":\"Tariq Tanoli\"}','::1','Chrome 69.0.3497.100','Mozilla/5.0 (Windows NT 10.0; Win64; x64) AppleWebKit/537.36 (KHTML, like Gecko) Chrome/69.0.3497.100 Safari/537.36','Windows 10',NULL),
(NULL,13,'{\"role\":\"1\",\"roleText\":\"ARTT Owners\",\"name\":\"Tariq Tanoli\"}','::1','Chrome 69.0.3497.100','Mozilla/5.0 (Windows NT 10.0; Win64; x64) AppleWebKit/537.36 (KHTML, like Gecko) Chrome/69.0.3497.100 Safari/537.36','Windows 10',NULL),
(NULL,13,'{\"role\":\"1\",\"roleText\":\"ARTT Owners\",\"name\":\"Tariq Tanoli\"}','::1','Chrome 69.0.3497.100','Mozilla/5.0 (Windows NT 10.0; Win64; x64) AppleWebKit/537.36 (KHTML, like Gecko) Chrome/69.0.3497.100 Safari/537.36','Windows 10',NULL),
(NULL,13,'{\"role\":\"1\",\"roleText\":\"ARTT Owners\",\"name\":\"Tariq Tanoli\"}','::1','Chrome 69.0.3497.100','Mozilla/5.0 (Windows NT 6.3; Win64; x64) AppleWebKit/537.36 (KHTML, like Gecko) Chrome/69.0.3497.100 Safari/537.36','Windows 8.1',NULL),
(NULL,1,'{\"role\":\"1\",\"roleText\":\"ARTT Owners\",\"name\":\"Tariq Tanoli\"}','::1','Chrome 69.0.3497.100','Mozilla/5.0 (Windows NT 6.3; Win64; x64) AppleWebKit/537.36 (KHTML, like Gecko) Chrome/69.0.3497.100 Safari/537.36','Windows 8.1',NULL),
(NULL,2,'{\"role\":\"1\",\"roleText\":\"ARTT Owners\",\"name\":\"Ahmed Raza\"}','::1','Chrome 69.0.3497.100','Mozilla/5.0 (Windows NT 6.3; Win64; x64) AppleWebKit/537.36 (KHTML, like Gecko) Chrome/69.0.3497.100 Safari/537.36','Windows 8.1',NULL),
(NULL,15,'{\"role\":\"1\",\"roleText\":\"ARTT Owners\",\"name\":\"Rehan\"}','::1','Chrome 69.0.3497.100','Mozilla/5.0 (Windows NT 6.3; Win64; x64) AppleWebKit/537.36 (KHTML, like Gecko) Chrome/69.0.3497.100 Safari/537.36','Windows 8.1',NULL),
(NULL,15,'{\"role\":\"1\",\"roleText\":\"ARTT Owners\",\"name\":\"Rehan\"}','::1','Chrome 69.0.3497.100','Mozilla/5.0 (Windows NT 6.1) AppleWebKit/537.36 (KHTML, like Gecko) Chrome/69.0.3497.100 Safari/537.36','Windows 7',NULL),
(NULL,1,'{\"role\":\"1\",\"roleText\":\"ARTT Owners\",\"name\":\"Tariq Tanoli\"}','::1','Chrome 69.0.3497.100','Mozilla/5.0 (Windows NT 6.1) AppleWebKit/537.36 (KHTML, like Gecko) Chrome/69.0.3497.100 Safari/537.36','Windows 7',NULL),
(NULL,1,'{\"role\":\"1\",\"roleText\":\"ARTT Owners\",\"name\":\"Tariq Tanoli\"}','::1','Chrome 69.0.3497.100','Mozilla/5.0 (Windows NT 6.1) AppleWebKit/537.36 (KHTML, like Gecko) Chrome/69.0.3497.100 Safari/537.36','Windows 7',NULL),
(NULL,1,'{\"role\":\"1\",\"roleText\":\"ARTT Owners\",\"name\":\"Tariq Tanoli\"}','::1','Chrome 69.0.3497.100','Mozilla/5.0 (Windows NT 6.1) AppleWebKit/537.36 (KHTML, like Gecko) Chrome/69.0.3497.100 Safari/537.36','Windows 7',NULL),
(NULL,1,'{\"role\":\"1\",\"roleText\":\"ARTT Owners\",\"name\":\"Tariq Tanoli\"}','::1','Chrome 69.0.3497.100','Mozilla/5.0 (Windows NT 6.1) AppleWebKit/537.36 (KHTML, like Gecko) Chrome/69.0.3497.100 Safari/537.36','Windows 7',NULL),
(NULL,1,'{\"role\":\"1\",\"roleText\":\"ARTT Owners\",\"name\":\"Tariq Tanoli\"}','::1','Chrome 69.0.3497.100','Mozilla/5.0 (Windows NT 6.1) AppleWebKit/537.36 (KHTML, like Gecko) Chrome/69.0.3497.100 Safari/537.36','Windows 7',NULL),
(NULL,1,'{\"role\":\"1\",\"roleText\":\"ARTT Owners\",\"name\":\"Tariq Tanoli\"}','::1','Chrome 70.0.3538.77','Mozilla/5.0 (Windows NT 6.1) AppleWebKit/537.36 (KHTML, like Gecko) Chrome/70.0.3538.77 Safari/537.36','Windows 7',NULL);

/*Table structure for table `tbl_reset_password` */

DROP TABLE IF EXISTS `tbl_reset_password`;

CREATE TABLE `tbl_reset_password` (
  `id` bigint(20) DEFAULT NULL,
  `email` varchar(384) DEFAULT NULL,
  `activation_id` varchar(96) DEFAULT NULL,
  `agent` varchar(1536) DEFAULT NULL,
  `client_ip` varchar(96) DEFAULT NULL,
  `isDeleted` tinyint(4) DEFAULT NULL,
  `createdBy` bigint(20) DEFAULT NULL,
  `createdDtm` datetime DEFAULT NULL,
  `updatedBy` bigint(20) DEFAULT NULL,
  `updatedDtm` datetime DEFAULT NULL
) ENGINE=InnoDB DEFAULT CHARSET=latin1;

/*Data for the table `tbl_reset_password` */

insert  into `tbl_reset_password`(`id`,`email`,`activation_id`,`agent`,`client_ip`,`isDeleted`,`createdBy`,`createdDtm`,`updatedBy`,`updatedDtm`) values 
(1,'admin@example.com','hVJbqGLTdn0ryag','Chrome 69.0.3497.100','::1',0,1,'2018-10-02 18:18:56',NULL,NULL);

/*Table structure for table `tbl_roles` */

DROP TABLE IF EXISTS `tbl_roles`;

CREATE TABLE `tbl_roles` (
  `roleId` tinyint(4) DEFAULT NULL,
  `role` varchar(150) DEFAULT NULL
) ENGINE=InnoDB DEFAULT CHARSET=latin1;

/*Data for the table `tbl_roles` */

insert  into `tbl_roles`(`roleId`,`role`) values 
(1,'ARTT Owners'),
(2,'Manager'),
(3,'Employee'),
(4,'Student'),
(5,'Teacher'),
(6,'Accountant'),
(7,'Staff');

/*Table structure for table `tbl_users` */

DROP TABLE IF EXISTS `tbl_users`;

CREATE TABLE `tbl_users` (
  `userId` int(11) DEFAULT NULL,
  `email` varchar(384) DEFAULT NULL,
  `password` varchar(384) DEFAULT NULL,
  `name` varchar(384) DEFAULT NULL,
  `mobile` varchar(60) DEFAULT NULL,
  `roleId` tinyint(4) DEFAULT NULL,
  `isDeleted` tinyint(4) DEFAULT NULL,
  `createdBy` int(11) DEFAULT NULL,
  `createdDtm` datetime DEFAULT NULL,
  `updatedBy` int(11) DEFAULT NULL,
  `updatedDtm` datetime DEFAULT NULL
) ENGINE=InnoDB DEFAULT CHARSET=latin1;

/*Data for the table `tbl_users` */

insert  into `tbl_users`(`userId`,`email`,`password`,`name`,`mobile`,`roleId`,`isDeleted`,`createdBy`,`createdDtm`,`updatedBy`,`updatedDtm`) values 
(9,'ali@gmail.com','$2y$10$874OhehAwpC/1ilVCgyZqejlwMx9i.Od8NSYgJeXVgOYyTcY3KeNu','Ali','0333221171',2,0,1,'2018-10-02 11:51:32',1,'2018-10-02 18:34:54'),
(10,'ansar@artt.com','$2y$10$NrmwkXQhclGMSs0l8gZIAumOnnFxwcpKhCdN5FHvsxp1YXwQjiq82','Ansar','0333221171',4,0,1,'2018-10-02 11:53:31',NULL,NULL),
(11,'saif@gmail.com','$2y$10$nV0Esd1cLq3I4Ubi0isxIejwtYYU4FCRJmYgVto2ayVXBXn9IXESm','Saif','0333221171',4,0,1,'2018-10-02 18:37:12',11,'2018-10-02 18:38:27'),
(15,'rehan@artt.com','$2y$10$a/DiXlblQsColAc9PGGZCOaDB2szWITNKQnR.5VobZ3cvs.e0mQNS','Rehan','0333221171',1,0,14,'2018-10-02 18:51:07',NULL,NULL),
(16,'khan@artt.com','$2y$10$CajF2pkFrHl5EDvdq8fWeOJeVR1qFYf7mAzTXY04g1ohCPWZ/zD0y','Khan','0333221171',3,0,14,'2018-10-02 18:54:03',NULL,NULL),
(17,'aslam@artt.com','$2y$10$boUmqwY437LsveZIfKSwFurJ/KykkY0ARi8kW5f/IMWLP9H5yGy2C','Aslam','0333221171',4,0,14,'2018-10-02 18:54:48',NULL,NULL),
(2,'ar@artt.com','$2y$10$NrmwkXQhclGMSs0l8gZIAumOnnFxwcpKhCdN5FHvsxp1YXwQjiq82','Ahmed Raza','0333221171',1,0,1,'2018-10-02 18:57:59',13,'2018-10-03 14:26:03'),
(1,'tt@artt.com','$2y$10$NrmwkXQhclGMSs0l8gZIAumOnnFxwcpKhCdN5FHvsxp1YXwQjiq82','Tariq Tanoli','0333221171',1,0,1,'2018-10-02 18:57:59',13,'2018-10-03 14:26:03'),
(18,'arsalan@artt.com','$2y$10$CKZUOhn5Oo277lxgk.Ov1OTGmV8noZv1CGy0rBNO.DMj.4wNmtlrS','Arsalan Ali','0333221171',5,0,14,'2018-10-02 18:57:59',13,'2018-10-03 14:26:03'),
(NULL,'sak@gmail.com','$2y$10$Pt36SkrfjLxpFWKYg6C8lO44ky3hWqRZQroUvWd3xoCFy.dg0tumi','Admin','0300323238',2,NULL,15,'2018-10-29 09:56:55',NULL,NULL);

/*Table structure for table `teacher` */

DROP TABLE IF EXISTS `teacher`;

CREATE TABLE `teacher` (
  `first_name` varchar(100) NOT NULL,
  `middle_name` varchar(100) NOT NULL,
  `last_name` varchar(100) NOT NULL,
  `father_name` varchar(100) NOT NULL,
  `sur_name` varchar(100) NOT NULL,
  `dob` date NOT NULL,
  `cnic` int(20) NOT NULL,
  `doj` date NOT NULL,
  `email` varchar(50) NOT NULL,
  `gender` varchar(15) NOT NULL,
  `number` int(15) NOT NULL,
  `temporary_address` varchar(100) NOT NULL,
  `permanent_address` varchar(100) NOT NULL,
  `image` blob NOT NULL,
  `teacher_id` int(20) NOT NULL AUTO_INCREMENT,
  PRIMARY KEY (`teacher_id`)
) ENGINE=InnoDB AUTO_INCREMENT=2 DEFAULT CHARSET=latin1;

/*Data for the table `teacher` */

insert  into `teacher`(`first_name`,`middle_name`,`last_name`,`father_name`,`sur_name`,`dob`,`cnic`,`doj`,`email`,`gender`,`number`,`temporary_address`,`permanent_address`,`image`,`teacher_id`) values 
('Hamza','rt','wer','Muhammad Saleem','878787','2018-08-01',888,'2018-08-16','hamza.saleem.3154@facebook.com','Male',2147483647,'ghgh','ghg','153569346602th-egg-person (1).jpg',1);

/*Table structure for table `total_fees` */

DROP TABLE IF EXISTS `total_fees`;

CREATE TABLE `total_fees` (
  `total_id` int(255) NOT NULL AUTO_INCREMENT,
  `artt_id` varchar(100) NOT NULL,
  `total_fees` int(255) NOT NULL,
  PRIMARY KEY (`total_id`)
) ENGINE=InnoDB AUTO_INCREMENT=745 DEFAULT CHARSET=latin1;

/*Data for the table `total_fees` */

insert  into `total_fees`(`total_id`,`artt_id`,`total_fees`) values 
(2,'2',0),
(3,'888',0),
(4,'i',0),
(5,'88',0),
(6,'lr-dasd12',0),
(7,'2234234v',0),
(8,'1361',0),
(9,'1234',0),
(10,'AR-001',0),
(11,'AR-003',0),
(12,'AR-005',0),
(13,'AR-0011',0),
(14,'AR-001',0),
(15,'AR-003',0),
(16,'kj',0),
(17,'123123',0),
(18,'1361',0),
(19,'AR-001',0),
(20,'AR-001',0),
(21,'98',0),
(22,'AR-001',0),
(23,'AR-001',0),
(24,'AR-001',0),
(25,'AR-003',0),
(26,'AR-0011',0),
(27,'2234234v',0),
(28,'2234234v',0),
(29,'asdasd',0),
(30,'AR-101',0),
(31,'AR-101',0),
(32,'asdas',0),
(33,'AR-101',0),
(34,'AR-101',0),
(35,'asdasd',0),
(36,'asdasd',0),
(37,'asdasd',0),
(38,'asdasd',0),
(39,'asdasd',0),
(40,'sdas',0),
(41,'asd',0),
(42,'asdasd',0),
(43,'AR-101',0),
(44,'AR-101',0),
(45,'AR-101',0),
(46,'j',0),
(47,'AR-101',0),
(48,'8',0),
(49,'AR-101',0),
(50,'4534',0),
(51,'AR-101',0),
(52,'jh',0),
(53,'AR-101',0),
(54,'jh',0),
(55,'887',0),
(56,'AR-101',0),
(57,'j',0),
(58,'AR-101',0),
(59,'AR-101',0),
(60,'AR-00001',0),
(61,'AR-00002',0),
(62,'artt-0004',0),
(63,'AR-101',0),
(64,'AR-109',0),
(65,'AR-101',0),
(66,'2234234v',0),
(67,'2234234v312',0),
(68,'123123',0),
(69,'AR-1024',0),
(70,'AR-101',0),
(71,'AR-234',0),
(72,'2234234v',0),
(73,'AR-101',0),
(74,'AR-101',0),
(75,'PPP',0),
(76,'2323',0),
(77,'AR-101',0),
(78,'AR-101',0),
(79,'AR-101',0),
(80,'AR-101',0),
(81,'AR-234',0),
(82,'jj',0),
(83,'AR-1234',0),
(84,'AR-1235',0),
(85,'AR-101',0),
(86,'AR-101',0),
(87,'AR-101',0),
(88,'AR-101',0),
(89,'AR-101',0),
(90,'AR-101',0),
(91,'AR-101',0),
(92,'AR-101',0),
(93,'23',0),
(94,'AR-123',0),
(95,'jj',0),
(96,'AR-101',0),
(97,'AR-101',0),
(98,'AR-101',0),
(99,'h',0),
(100,'',0),
(101,'',0),
(102,'000003',0),
(103,'',0),
(104,'',0),
(105,'',0),
(106,'',0),
(107,'',0),
(108,'',0),
(109,'',0),
(110,'',0),
(111,'',0),
(112,'',0),
(113,'',0),
(114,'',0),
(115,'',0),
(116,'',0),
(117,'',0),
(118,'',0),
(119,'',0),
(120,'',0),
(121,'',0),
(122,'',0),
(123,'',0),
(124,'2234234v',0),
(125,'',0),
(126,'',0),
(127,'freeze',0),
(128,'',0),
(129,'',0),
(130,'',0),
(131,'',0),
(132,'',0),
(133,'',0),
(134,'',0),
(135,'',0),
(136,'',0),
(137,'',0),
(138,'',0),
(139,'',0),
(140,'',0),
(141,'',0),
(142,'',0),
(143,'',0),
(144,'',0),
(145,'',0),
(146,'',0),
(147,'',0),
(148,'',0),
(149,'',0),
(150,'',0),
(151,'',0),
(152,'',0),
(153,'',0),
(154,'',0),
(155,'',0),
(156,'',0),
(157,'',0),
(158,'',0),
(159,'',0),
(160,'',0),
(161,'',0),
(162,'',0),
(163,'',0),
(164,'',0),
(165,'',0),
(166,'',0),
(167,'',0),
(168,'',0),
(169,'',0),
(170,'',0),
(171,'',0),
(172,'',0),
(173,'',0),
(174,'',0),
(175,'',0),
(176,'',0),
(177,'',0),
(178,'',0),
(179,'',0),
(180,'',0),
(181,'',0),
(182,'',0),
(183,'',0),
(184,'',0),
(185,'',0),
(186,'',0),
(187,'',0),
(188,'',0),
(189,'',0),
(190,'',0),
(191,'',0),
(192,'',0),
(193,'',0),
(194,'',0),
(195,'',0),
(196,'',0),
(197,'',0),
(198,'',0),
(199,'',0),
(200,'',0),
(201,'',0),
(202,'',0),
(203,'',0),
(204,'',0),
(205,'',0),
(206,'',0),
(207,'',0),
(208,'',0),
(209,'',0),
(210,'',0),
(211,'',0),
(212,'',0),
(213,'',0),
(214,'',0),
(215,'',0),
(216,'',0),
(217,'',0),
(218,'',0),
(219,'',0),
(220,'',0),
(221,'',0),
(222,'',0),
(223,'',0),
(224,'',0),
(225,'',0),
(226,'',0),
(227,'',0),
(228,'',0),
(229,'',0),
(230,'',0),
(231,'',0),
(232,'',0),
(233,'',0),
(234,'',0),
(235,'',0),
(236,'',0),
(237,'',0),
(238,'',0),
(239,'',0),
(240,'',0),
(241,'',0),
(242,'',0),
(243,'',0),
(244,'',0),
(245,'',0),
(246,'',0),
(247,'',0),
(248,'',0),
(249,'',0),
(250,'',0),
(251,'',0),
(252,'',0),
(253,'',0),
(254,'',0),
(255,'',0),
(256,'',0),
(257,'',0),
(258,'',0),
(259,'',0),
(260,'',0),
(261,'',0),
(262,'',0),
(263,'',0),
(264,'',0),
(265,'',0),
(266,'',0),
(267,'',0),
(268,'',0),
(269,'',0),
(270,'',0),
(271,'',0),
(272,'',0),
(273,'',0),
(274,'',0),
(275,'',0),
(276,'',0),
(277,'',0),
(278,'',0),
(279,'',0),
(280,'',0),
(281,'',0),
(282,'',0),
(283,'',0),
(284,'',0),
(285,'',0),
(286,'',0),
(287,'',0),
(288,'',0),
(289,'',0),
(290,'',0),
(291,'',0),
(292,'',0),
(293,'',0),
(294,'',0),
(295,'',0),
(296,'',0),
(297,'',0),
(298,'',0),
(299,'',0),
(300,'',0),
(301,'',0),
(302,'',0),
(303,'',0),
(304,'',0),
(305,'',0),
(306,'',0),
(307,'',0),
(308,'',0),
(309,'',0),
(310,'',0),
(311,'',0),
(312,'',0),
(313,'',0),
(314,'',0),
(315,'',0),
(316,'',0),
(317,'',0),
(318,'',0),
(319,'',0),
(320,'',0),
(321,'',0),
(322,'',0),
(323,'',0),
(324,'',0),
(325,'',0),
(326,'',0),
(327,'',0),
(328,'',0),
(329,'',0),
(330,'',0),
(331,'',0),
(332,'',0),
(333,'',0),
(334,'',0),
(335,'',0),
(336,'',0),
(337,'',0),
(338,'',0),
(339,'',0),
(340,'',0),
(341,'',0),
(342,'',0),
(343,'',0),
(344,'',0),
(345,'',0),
(346,'',0),
(347,'',0),
(348,'',0),
(349,'',0),
(350,'',0),
(351,'',0),
(352,'',0),
(353,'',0),
(354,'',0),
(355,'',0),
(356,'',0),
(357,'',0),
(358,'',0),
(359,'',0),
(360,'',0),
(361,'',0),
(362,'',0),
(363,'',0),
(364,'',0),
(365,'',0),
(366,'',0),
(367,'',0),
(368,'',0),
(369,'',0),
(370,'',0),
(371,'',0),
(372,'',0),
(373,'',0),
(374,'',0),
(375,'',0),
(376,'',0),
(377,'',0),
(378,'',0),
(379,'',0),
(380,'',0),
(381,'',0),
(382,'',0),
(383,'',0),
(384,'',0),
(385,'',0),
(386,'',0),
(387,'',0),
(388,'',0),
(389,'',0),
(390,'',0),
(391,'',0),
(392,'',0),
(393,'',0),
(394,'',0),
(395,'',0),
(396,'',0),
(397,'',0),
(398,'',0),
(399,'',0),
(400,'',0),
(401,'',0),
(402,'',0),
(403,'',0),
(404,'',0),
(405,'',0),
(406,'',0),
(407,'',0),
(408,'',0),
(409,'',0),
(410,'',0),
(411,'',0),
(412,'',0),
(413,'',0),
(414,'',0),
(415,'',0),
(416,'',0),
(417,'',0),
(418,'',0),
(419,'',0),
(420,'',0),
(421,'',0),
(422,'',0),
(423,'',0),
(424,'',0),
(425,'',0),
(426,'',0),
(427,'',0),
(428,'',0),
(429,'',0),
(430,'',0),
(431,'',0),
(432,'',0),
(433,'',0),
(434,'',0),
(435,'',0),
(436,'',0),
(437,'',0),
(438,'',0),
(439,'',0),
(440,'',0),
(441,'',0),
(442,'',0),
(443,'',0),
(444,'',0),
(445,'',0),
(446,'',0),
(447,'',0),
(448,'',0),
(449,'',0),
(450,'',0),
(451,'',0),
(452,'',0),
(453,'',0),
(454,'',0),
(455,'',0),
(456,'',0),
(457,'',0),
(458,'',0),
(459,'',0),
(460,'',0),
(461,'',0),
(462,'',0),
(463,'',0),
(464,'',0),
(465,'',0),
(466,'',0),
(467,'',0),
(468,'',0),
(469,'',0),
(470,'',0),
(471,'',0),
(472,'',0),
(473,'',0),
(474,'',0),
(475,'',0),
(476,'',0),
(477,'',0),
(478,'',0),
(479,'',0),
(480,'',0),
(481,'',0),
(482,'',0),
(483,'',0),
(484,'',0),
(485,'',0),
(486,'',0),
(487,'',0),
(488,'',0),
(489,'',0),
(490,'',0),
(491,'',0),
(492,'',0),
(493,'',0),
(494,'',0),
(495,'',0),
(496,'',0),
(497,'',0),
(498,'',0),
(499,'',0),
(500,'',0),
(501,'',0),
(502,'',0),
(503,'',0),
(504,'',0),
(505,'',0),
(506,'',0),
(507,'',0),
(508,'',0),
(509,'',0),
(510,'',0),
(511,'',0),
(512,'',0),
(513,'',0),
(514,'',0),
(515,'',0),
(516,'',0),
(517,'',0),
(518,'',0),
(519,'',0),
(520,'',0),
(521,'',0),
(522,'',0),
(523,'',0),
(524,'',0),
(525,'',0),
(526,'',0),
(527,'',0),
(528,'',0),
(529,'',0),
(530,'',0),
(531,'',0),
(532,'',0),
(533,'',0),
(534,'',0),
(535,'',0),
(536,'',0),
(537,'',0),
(538,'',0),
(539,'',0),
(540,'',0),
(541,'',0),
(542,'',0),
(543,'',0),
(544,'',0),
(545,'',0),
(546,'',0),
(547,'',0),
(548,'',0),
(549,'',0),
(550,'',0),
(551,'',0),
(552,'',0),
(553,'',0),
(554,'',0),
(555,'',0),
(556,'',0),
(557,'',0),
(558,'',0),
(559,'',0),
(560,'',0),
(561,'',0),
(562,'',0),
(563,'',0),
(564,'',0),
(565,'',0),
(566,'',0),
(567,'',0),
(568,'',0),
(569,'',0),
(570,'',0),
(571,'',0),
(572,'',0),
(573,'',0),
(574,'',0),
(575,'',0),
(576,'',0),
(577,'',0),
(578,'',0),
(579,'',0),
(580,'',0),
(581,'',0),
(582,'',0),
(583,'',0),
(584,'',0),
(585,'',0),
(586,'',0),
(587,'',0),
(588,'',0),
(589,'',0),
(590,'',0),
(591,'',0),
(592,'',0),
(593,'',0),
(594,'',0),
(595,'',0),
(596,'',0),
(597,'',0),
(598,'',0),
(599,'',0),
(600,'',0),
(601,'',0),
(602,'',0),
(603,'',0),
(604,'',0),
(605,'',0),
(606,'',0),
(607,'',0),
(608,'',0),
(609,'',0),
(610,'',0),
(611,'',0),
(612,'',0),
(613,'',0),
(614,'',0),
(615,'',0),
(616,'',0),
(617,'',0),
(618,'',0),
(619,'',0),
(620,'',0),
(621,'',0),
(622,'',0),
(623,'',0),
(624,'',0),
(625,'',0),
(626,'',0),
(627,'',0),
(628,'',0),
(629,'',0),
(630,'',0),
(631,'',0),
(632,'',0),
(633,'',0),
(634,'',0),
(635,'',0),
(636,'',0),
(637,'',0),
(638,'',0),
(639,'',0),
(640,'',0),
(641,'',0),
(642,'',0),
(643,'',0),
(644,'',0),
(645,'',0),
(646,'',0),
(647,'',0),
(648,'',0),
(649,'',0),
(650,'',0),
(651,'',0),
(652,'',0),
(653,'',0),
(654,'',0),
(655,'',0),
(656,'',0),
(657,'',0),
(658,'',0),
(659,'',0),
(660,'',0),
(661,'',0),
(662,'',0),
(663,'',0),
(664,'',0),
(665,'',0),
(666,'',0),
(667,'',0),
(668,'',0),
(669,'',0),
(670,'',0),
(671,'',0),
(672,'',0),
(673,'',0),
(674,'',0),
(675,'',0),
(676,'',0),
(677,'',0),
(678,'',0),
(679,'',0),
(680,'',0),
(681,'',0),
(682,'',0),
(683,'',0),
(684,'',0),
(685,'',0),
(686,'',0),
(687,'',0),
(688,'',0),
(689,'',0),
(690,'',0),
(691,'',0),
(692,'',0),
(693,'',0),
(694,'',0),
(695,'',0),
(696,'',0),
(697,'',0),
(698,'',0),
(699,'',0),
(700,'',0),
(701,'',0),
(702,'',0),
(703,'',0),
(704,'',0),
(705,'',0),
(706,'',0),
(707,'',0),
(708,'',0),
(709,'',0),
(710,'',0),
(711,'',0),
(712,'',0),
(713,'',0),
(714,'',0),
(715,'',0),
(716,'',0),
(717,'',0),
(718,'',0),
(719,'',0),
(720,'',0),
(721,'',0),
(722,'',0),
(723,'',0),
(724,'',0),
(725,'',0),
(726,'',0),
(727,'',0),
(728,'',0),
(729,'',0),
(730,'',0),
(731,'',0),
(732,'',0),
(733,'',0),
(734,'',0),
(735,'',0),
(736,'',0),
(737,'',0),
(738,'',0),
(739,'',0),
(740,'',0),
(741,'',0),
(742,'',0),
(743,'',0),
(744,'',0);

/*Table structure for table `voucher` */

DROP TABLE IF EXISTS `voucher`;

CREATE TABLE `voucher` (
  `voucher_id` int(30) NOT NULL AUTO_INCREMENT,
  `student_id` int(30) NOT NULL,
  `unpaid_fees` int(30) NOT NULL,
  `freezed_amount` int(30) NOT NULL,
  `discount_amount` int(30) NOT NULL,
  PRIMARY KEY (`voucher_id`)
) ENGINE=InnoDB AUTO_INCREMENT=8 DEFAULT CHARSET=latin1;

/*Data for the table `voucher` */

insert  into `voucher`(`voucher_id`,`student_id`,`unpaid_fees`,`freezed_amount`,`discount_amount`) values 
(6,0,2,0,0),
(7,0,2,0,0);

/*!40101 SET SQL_MODE=@OLD_SQL_MODE */;
/*!40014 SET FOREIGN_KEY_CHECKS=@OLD_FOREIGN_KEY_CHECKS */;
/*!40014 SET UNIQUE_CHECKS=@OLD_UNIQUE_CHECKS */;
/*!40111 SET SQL_NOTES=@OLD_SQL_NOTES */;
